,Niger
0,90000
1,90000
2,90000
3,90000
4,90000
5,90000
6,90000
7,90000
8,90000
9,90000
10,90000
11,90000
12,90000
13,90000
14,90000
15,90000
16,90000
17,90000
18,90000
19,90000
20,90000
21,90000
22,90000
23,90000
24,90000
25,90000
26,90000
27,90000
28,90000
29,90000
30,90000
31,90000
32,90000
33,90000
34,90000
35,90000
36,90000
37,90000
38,90000
39,90000
40,90000
41,90000
42,90000
43,90000
44,90000
45,90000
46,90000
47,90000
48,90000
49,90000
50,90000
51,90000
52,90000
53,90000
54,90000
55,90000
56,90000
57,90000
58,90000
59,90000
60,90000
61,90000
62,90000
63,90000
64,90000
65,90000
66,90000
67,90000
68,90000
69,90000
70,90000
71,90000
72,90000
73,90000
74,90000
75,90000
76,90000
77,90000
78,90000
79,90000
80,90000
81,90000
82,90000
83,90000
84,90000
85,90000
86,90000
87,90000
88,90000
89,90000
90,90000
91,90000
92,90000
93,90000
94,90000
95,90000
96,90000
97,90000
98,90000
99,90000
100,90000
101,90000
102,90000
103,90000
104,90000
105,90000
106,90000
107,90000
108,90000
109,90000
110,90000
111,90000
112,90000
113,90000
114,90000
115,90000
116,90000
117,90000
118,90000
119,90000
120,90000
121,90000
122,90000
123,90000
124,90000
125,90000
126,90000
127,90000
128,90000
129,90000
130,90000
131,90000
132,90000
133,90000
134,90000
135,90000
136,90000
137,90000
138,90000
139,90000
140,90000
141,90000
142,90000
143,90000
144,90000
145,90000
146,90000
147,90000
148,90000
149,90000
150,90000
151,90000
152,90000
153,90000
154,90000
155,90000
156,90000
157,90000
158,90000
159,90000
160,90000
161,90000
162,90000
163,90000
164,90000
165,90000
166,90000
167,90000
168,90000
169,90000
170,90000
171,90000
172,90000
173,90000
174,90000
175,90000
176,90000
177,90000
178,90000
179,90000
180,90000
181,90000
182,90000
183,90000
184,90000
185,90000
186,90000
187,90000
188,90000
189,90000
190,90000
191,90000
192,90000
193,90000
194,90000
195,90000
196,90000
197,90000
198,90000
199,90000
200,90000
201,90000
202,90000
203,90000
204,90000
205,90000
206,90000
207,90000
208,90000
209,90000
210,90000
211,90000
212,90000
213,90000
214,90000
215,90000
216,90000
217,90000
218,90000
219,90000
220,90000
221,90000
222,90000
223,90000
224,90000
225,90000
226,90000
227,90000
228,90000
229,90000
230,90000
231,90000
232,90000
233,90000
234,90000
235,90000
236,90000
237,90000
238,90000
239,90000
240,90000
241,90000
242,90000
243,90000
244,90000
245,90000
246,90000
247,90000
248,90000
249,90000
250,90000
251,90000
252,90000
253,90000
254,90000
255,90000
256,90000
257,90000
258,90000
259,90000
260,90000
261,90000
262,90000
263,90000
264,90000
265,90000
266,90000
267,90000
268,90000
269,90000
270,90000
271,90000
272,90000
273,90000
274,90000
275,90000
276,90000
277,90000
278,90000
279,90000
280,90000
281,90000
282,90000
283,90000
284,90000
285,90000
286,90000
287,90000
288,90000
289,90000
290,90000
291,90000
292,90000
293,90000
294,90000
295,90000
296,90000
297,90000
298,90000
299,90000
300,90000
301,90000
302,90000
303,90000
304,90000
305,90000
306,90000
307,90000
308,90000
309,90000
310,90000
311,90000
312,90000
313,90000
314,90000
315,90000
316,90000
317,90000
318,90000
319,90000
320,90000
321,90000
322,90000
323,90000
324,90000
325,90000
326,90000
327,90000
328,90000
329,90000
330,90000
331,90000
332,90000
333,90000
334,90000
335,90000
336,90000
337,90000
338,90000
339,90000
340,90000
341,90000
342,90000
343,90000
344,90000
345,90000
346,90000
347,90000
348,90000
349,90000
350,90000
351,90000
352,90000
353,90000
354,90000
355,90000
356,90000
357,90000
358,90000
359,90000
360,90000
361,90000
362,90000
363,90000
364,90000
365,90000
366,90000
367,90000
368,90000
369,90000
370,90000
371,90000
372,90000
373,90000
374,90000
375,90000
376,90000
377,90000
378,90000
379,90000
380,90000
381,90000
382,90000
383,90000
384,90000
385,90000
386,90000
387,90000
388,90000
389,90000
390,90000
391,90000
392,90000
393,90000
394,90000
395,90000
396,90000
397,90000
398,90000
399,90000
400,90000
401,90000
402,90000
403,90000
404,90000
405,90000
406,90000
407,90000
408,90000
409,90000
410,90000
411,90000
412,90000
413,90000
414,90000
415,90000
416,90000
417,90000
418,90000
419,90000
420,90000
421,90000
422,90000
423,90000
424,90000
425,90000
426,90000
427,90000
428,90000
429,90000
430,90000
431,90000
432,90000
433,90000
434,90000
435,90000
436,90000
437,90000
438,90000
439,90000
440,90000
441,90000
442,90000
443,90000
444,90000
445,90000
446,90000
447,90000
448,90000
449,90000
450,90000
451,90000
452,90000
453,90000
454,90000
455,90000
456,90000
457,90000
458,90000
459,90000
460,90000
461,90000
462,90000
463,90000
464,90000
465,90000
466,90000
467,90000
468,90000
469,90000
470,90000
471,90000
472,90000
473,90000
474,90000
475,90000
476,90000
477,90000
478,90000
479,90000
480,90000
481,90000
482,90000
483,90000
484,90000
485,90000
486,90000
487,90000
488,90000
489,90000
490,90000
491,90000
492,90000
493,90000
494,90000
495,90000
496,90000
497,90000
498,90000
499,90000
500,90000
501,90000
502,90000
503,90000
504,90000
505,90000
506,90000
507,90000
508,90000
509,90000
510,90000
511,90000
512,90000
513,90000
514,90000
515,90000
516,90000
517,90000
518,90000
519,90000
520,90000
521,90000
522,90000
523,90000
524,90000
525,90000
526,90000
527,90000
528,90000
529,90000
530,90000
531,90000
532,90000
533,90000
534,90000
535,90000
536,90000
537,90000
538,90000
539,90000
540,90000
541,90000
542,90000
543,90000
544,90000
545,90000
546,90000
547,90000
548,90000
549,90000
550,90000
551,90000
552,90000
553,90000
554,90000
555,90000
556,90000
557,90000
558,90000
559,90000
560,90000
561,90000
562,90000
563,90000
564,90000
565,90000
566,90000
567,90000
568,90000
569,90000
570,90000
571,90000
572,90000
573,90000
574,90000
575,90000
576,90000
577,90000
578,90000
579,90000
580,90000
581,90000
582,90000
583,90000
584,90000
585,90000
586,90000
587,90000
588,90000
589,90000
590,90000
591,90000
592,90000
593,90000
594,90000
595,90000
596,90000
597,90000
598,90000
599,90000
600,90000
601,90000
602,90000
603,90000
604,90000
605,90000
606,90000
607,90000
608,90000
609,90000
610,90000
611,90000
612,90000
613,90000
614,90000
615,90000
616,90000
617,90000
618,90000
619,90000
620,90000
621,90000
622,90000
623,90000
624,90000
625,90000
626,90000
627,90000
628,90000
629,90000
630,90000
631,90000
632,90000
633,90000
634,90000
635,90000
636,90000
637,90000
638,90000
639,90000
640,90000
641,90000
642,90000
643,90000
644,90000
645,90000
646,90000
647,90000
648,90000
649,90000
650,90000
651,90000
652,90000
653,90000
654,90000
655,90000
656,90000
657,90000
658,90000
659,90000
660,90000
661,90000
662,90000
663,90000
664,90000
665,90000
666,90000
667,90000
668,90000
669,90000
670,90000
671,90000
672,90000
673,90000
674,90000
675,90000
676,90000
677,90000
678,90000
679,90000
680,90000
681,90000
682,90000
683,90000
684,90000
685,90000
686,90000
687,90000
688,90000
689,90000
690,90000
691,90000
692,90000
693,90000
694,90000
695,90000
696,90000
697,90000
698,90000
699,90000
700,90000
701,90000
702,90000
703,90000
704,90000
705,90000
706,90000
707,90000
708,90000
709,90000
710,90000
711,90000
712,90000
713,90000
714,90000
715,90000
716,90000
717,90000
718,90000
719,90000
720,90000
721,90000
722,90000
723,90000
724,90000
725,90000
726,90000
727,90000
728,90000
729,90000
730,90000
731,90000
732,90000
733,90000
734,90000
735,90000
736,90000
737,90000
738,90000
739,90000
740,90000
741,90000
742,90000
743,90000
744,90000
745,90000
746,90000
747,90000
748,90000
749,90000
750,90000
751,90000
752,90000
753,90000
754,90000
755,90000
756,90000
757,90000
758,90000
759,90000
760,90000
761,90000
762,90000
763,90000
764,90000
765,90000
766,90000
767,90000
768,90000
769,90000
770,90000
771,90000
772,90000
773,90000
774,90000
775,90000
776,90000
777,90000
778,90000
779,90000
780,90000
781,90000
782,90000
783,90000
784,90000
785,90000
786,90000
787,90000
788,90000
789,90000
790,90000
791,90000
792,90000
793,90000
794,90000
795,90000
796,90000
797,90000
798,90000
799,90000
800,90000
801,90000
802,90000
803,90000
804,90000
805,90000
806,90000
807,90000
808,90000
809,90000
810,90000
811,90000
812,90000
813,90000
814,90000
815,90000
816,90000
817,90000
818,90000
819,90000
820,90000
821,90000
822,90000
823,90000
824,90000
825,90000
826,90000
827,90000
828,90000
829,90000
830,90000
831,90000
832,90000
833,90000
834,90000
835,90000
836,90000
837,90000
838,90000
839,90000
840,90000
841,90000
842,90000
843,90000
844,90000
845,90000
846,90000
847,90000
848,90000
849,90000
850,90000
851,90000
852,90000
853,90000
854,90000
855,90000
856,90000
857,90000
858,90000
859,90000
860,90000
861,90000
862,90000
863,90000
864,90000
865,90000
866,90000
867,90000
868,90000
869,90000
870,90000
871,90000
872,90000
873,90000
874,90000
875,90000
876,90000
877,90000
878,90000
879,90000
880,90000
881,90000
882,90000
883,90000
884,90000
885,90000
886,90000
887,90000
888,90000
889,90000
890,90000
891,90000
892,90000
893,90000
894,90000
895,90000
896,90000
897,90000
898,90000
899,90000
900,90000
901,90000
902,90000
903,90000
904,90000
905,90000
906,90000
907,90000
908,90000
909,90000
910,90000
911,90000
912,90000
913,90000
914,90000
915,90000
916,90000
917,90000
918,90000
919,90000
920,90000
921,90000
922,90000
923,90000
924,90000
925,90000
926,90000
927,90000
928,90000
929,90000
930,90000
931,90000
932,90000
933,90000
934,90000
935,90000
936,90000
937,90000
938,90000
939,90000
940,90000
941,90000
942,90000
943,90000
944,90000
945,90000
946,90000
947,90000
948,90000
949,90000
950,90000
951,90000
952,90000
953,90000
954,90000
955,90000
956,90000
957,90000
958,90000
959,90000
960,90000
961,90000
962,90000
963,90000
964,90000
965,90000
966,90000
967,90000
968,90000
969,90000
970,90000
971,90000
972,90000
973,90000
974,90000
975,90000
976,90000
977,90000
978,90000
979,90000
980,90000
981,90000
982,90000
983,90000
984,90000
985,90000
986,90000
987,90000
988,90000
989,90000
990,90000
991,90000
992,90000
993,90000
994,90000
995,90000
996,90000
997,90000
998,90000
999,90000
1000,90000
1001,90000
1002,90000
1003,90000
1004,90000
1005,90000
1006,90000
1007,90000
1008,90000
1009,90000
1010,90000
1011,90000
1012,90000
1013,90000
1014,90000
1015,90000
1016,90000
1017,90000
1018,90000
1019,90000
1020,90000
1021,90000
1022,90000
1023,90000
1024,90000
1025,90000
1026,90000
1027,90000
1028,90000
1029,90000
1030,90000
1031,90000
1032,90000
1033,90000
1034,90000
1035,90000
1036,90000
1037,90000
1038,90000
1039,90000
1040,90000
1041,90000
1042,90000
1043,90000
1044,90000
1045,90000
1046,90000
1047,90000
1048,90000
1049,90000
1050,90000
1051,90000
1052,90000
1053,90000
1054,90000
1055,90000
1056,90000
1057,90000
1058,90000
1059,90000
1060,90000
1061,90000
1062,90000
1063,90000
1064,90000
1065,90000
1066,90000
1067,90000
1068,90000
1069,90000
1070,90000
1071,90000
1072,90000
1073,90000
1074,90000
1075,90000
1076,90000
1077,90000
1078,90000
1079,90000
1080,90000
1081,90000
1082,90000
1083,90000
1084,90000
1085,90000
1086,90000
1087,90000
1088,90000
1089,90000
1090,90000
1091,90000
1092,90000
1093,90000
1094,90000
1095,90000
1096,90000
1097,90000
1098,90000
1099,90000
1100,90000
1101,90000
1102,90000
1103,90000
1104,90000
1105,90000
1106,90000
1107,90000
1108,90000
1109,90000
1110,90000
1111,90000
1112,90000
1113,90000
1114,90000
1115,90000
1116,90000
1117,90000
1118,90000
1119,90000
1120,90000
1121,90000
1122,90000
1123,90000
1124,90000
1125,90000
1126,90000
1127,90000
1128,90000
1129,90000
1130,90000
1131,90000
1132,90000
1133,90000
1134,90000
1135,90000
1136,90000
1137,90000
1138,90000
1139,90000
1140,90000
1141,90000
1142,90000
1143,90000
1144,90000
1145,90000
1146,90000
1147,90000
1148,90000
1149,90000
1150,90000
1151,90000
1152,90000
1153,90000
1154,90000
1155,90000
1156,90000
1157,90000
1158,90000
1159,90000
1160,90000
1161,90000
1162,90000
1163,90000
1164,90000
1165,90000
1166,90000
1167,90000
1168,90000
1169,90000
1170,90000
1171,90000
1172,90000
1173,90000
1174,90000
1175,90000
1176,90000
1177,90000
1178,90000
1179,90000
1180,90000
1181,90000
1182,90000
1183,90000
1184,90000
1185,90000
1186,90000
1187,90000
1188,90000
1189,90000
1190,90000
1191,90000
1192,90000
1193,90000
1194,90000
1195,90000
1196,90000
1197,90000
1198,90000
1199,90000
1200,90000
1201,90000
1202,90000
1203,90000
1204,90000
1205,90000
1206,90000
1207,90000
1208,90000
1209,90000
1210,90000
1211,90000
1212,90000
1213,90000
1214,90000
1215,90000
1216,90000
1217,90000
1218,90000
1219,90000
1220,90000
1221,90000
1222,90000
1223,90000
1224,90000
1225,90000
1226,90000
1227,90000
1228,90000
1229,90000
1230,90000
1231,90000
1232,90000
1233,90000
1234,90000
1235,90000
1236,90000
1237,90000
1238,90000
1239,90000
1240,90000
1241,90000
1242,90000
1243,90000
1244,90000
1245,90000
1246,90000
1247,90000
1248,90000
1249,90000
1250,90000
1251,90000
1252,90000
1253,90000
1254,90000
1255,90000
1256,90000
1257,90000
1258,90000
1259,90000
1260,90000
1261,90000
1262,90000
1263,90000
1264,90000
1265,90000
1266,90000
1267,90000
1268,90000
1269,90000
1270,90000
1271,90000
1272,90000
1273,90000
1274,90000
1275,90000
1276,90000
1277,90000
1278,90000
1279,90000
1280,90000
1281,90000
1282,90000
1283,90000
1284,90000
1285,90000
1286,90000
1287,90000
1288,90000
1289,90000
1290,90000
1291,90000
1292,90000
1293,90000
1294,90000
1295,90000
1296,90000
1297,90000
1298,90000
1299,90000
1300,90000
1301,90000
1302,90000
1303,90000
1304,90000
1305,90000
1306,90000
1307,90000
1308,90000
1309,90000
1310,90000
1311,90000
1312,90000
1313,90000
1314,90000
1315,90000
1316,90000
1317,90000
1318,90000
1319,90000
1320,90000
1321,90000
1322,90000
1323,90000
1324,90000
1325,90000
1326,90000
1327,90000
1328,90000
1329,90000
1330,90000
1331,90000
1332,90000
1333,90000
1334,90000
1335,90000
1336,90000
1337,90000
1338,90000
1339,90000
1340,90000
1341,90000
1342,90000
1343,90000
1344,90000
1345,90000
1346,90000
1347,90000
1348,90000
1349,90000
1350,90000
1351,90000
1352,90000
1353,90000
1354,90000
1355,90000
1356,90000
1357,90000
1358,90000
1359,90000
1360,90000
1361,90000
1362,90000
1363,90000
1364,90000
1365,90000
1366,90000
1367,90000
1368,90000
1369,90000
1370,90000
1371,90000
1372,90000
1373,90000
1374,90000
1375,90000
1376,90000
1377,90000
1378,90000
1379,90000
1380,90000
1381,90000
1382,90000
1383,90000
1384,90000
1385,90000
1386,90000
1387,90000
1388,90000
1389,90000
1390,90000
1391,90000
1392,90000
1393,90000
1394,90000
1395,90000
1396,90000
1397,90000
1398,90000
1399,90000
1400,90000
1401,90000
1402,90000
1403,90000
1404,90000
1405,90000
1406,90000
1407,90000
1408,90000
1409,90000
1410,90000
1411,90000
1412,90000
1413,90000
1414,90000
1415,90000
1416,90000
1417,90000
1418,90000
1419,90000
1420,90000
1421,90000
1422,90000
1423,90000
1424,90000
1425,90000
1426,90000
1427,90000
1428,90000
1429,90000
1430,90000
1431,90000
1432,90000
1433,90000
1434,90000
1435,90000
1436,90000
1437,90000
1438,90000
1439,90000
1440,90000
1441,90000
1442,90000
1443,90000
1444,90000
1445,90000
1446,90000
1447,90000
1448,90000
1449,90000
1450,90000
1451,90000
1452,90000
1453,90000
1454,90000
1455,90000
1456,90000
1457,90000
1458,90000
1459,90000
1460,90000
1461,90000
1462,90000
1463,90000
1464,90000
1465,90000
1466,90000
1467,90000
1468,90000
1469,90000
1470,90000
1471,90000
1472,90000
1473,90000
1474,90000
1475,90000
1476,90000
1477,90000
1478,90000
1479,90000
1480,90000
1481,90000
1482,90000
1483,90000
1484,90000
1485,90000
1486,90000
1487,90000
1488,90000
1489,90000
1490,90000
1491,90000
1492,90000
1493,90000
1494,90000
1495,90000
1496,90000
1497,90000
1498,90000
1499,90000
1500,90000
1501,90000
1502,90000
1503,90000
1504,90000
1505,90000
1506,90000
1507,90000
1508,90000
1509,90000
1510,90000
1511,90000
1512,90000
1513,90000
1514,90000
1515,90000
1516,90000
1517,90000
1518,90000
1519,90000
1520,90000
1521,90000
1522,90000
1523,90000
1524,90000
1525,90000
1526,90000
1527,90000
1528,90000
1529,90000
1530,90000
1531,90000
1532,90000
1533,90000
1534,90000
1535,90000
1536,90000
1537,90000
1538,90000
1539,90000
1540,90000
1541,90000
1542,90000
1543,90000
1544,90000
1545,90000
1546,90000
1547,90000
1548,90000
1549,90000
1550,90000
1551,90000
1552,90000
1553,90000
1554,90000
1555,90000
1556,90000
1557,90000
1558,90000
1559,90000
1560,90000
1561,90000
1562,90000
1563,90000
1564,90000
1565,90000
1566,90000
1567,90000
1568,90000
1569,90000
1570,90000
1571,90000
1572,90000
1573,90000
1574,90000
1575,90000
1576,90000
1577,90000
1578,90000
1579,90000
1580,90000
1581,90000
1582,90000
1583,90000
1584,90000
1585,90000
1586,90000
1587,90000
1588,90000
1589,90000
1590,90000
1591,90000
1592,90000
1593,90000
1594,90000
1595,90000
1596,90000
1597,90000
1598,90000
1599,90000
1600,90000
1601,90000
1602,90000
1603,90000
1604,90000
1605,90000
1606,90000
1607,90000
1608,90000
1609,90000
1610,90000
1611,90000
1612,90000
1613,90000
1614,90000
1615,90000
1616,90000
1617,90000
1618,90000
1619,90000
1620,90000
1621,90000
1622,90000
1623,90000
1624,90000
1625,90000
1626,90000
1627,90000
1628,90000
1629,90000
1630,90000
1631,90000
1632,90000
1633,90000
1634,90000
1635,90000
1636,90000
1637,90000
1638,90000
1639,90000
1640,90000
1641,90000
1642,90000
1643,90000
1644,90000
1645,90000
1646,90000
1647,90000
1648,90000
1649,90000
1650,90000
1651,90000
1652,90000
1653,90000
1654,90000
1655,90000
1656,90000
1657,90000
1658,90000
1659,90000
1660,90000
1661,90000
1662,90000
1663,90000
1664,90000
1665,90000
1666,90000
1667,90000
1668,90000
1669,90000
1670,90000
1671,90000
1672,90000
1673,90000
1674,90000
1675,90000
1676,90000
1677,90000
1678,90000
1679,90000
1680,90000
1681,90000
1682,90000
1683,90000
1684,90000
1685,90000
1686,90000
1687,90000
1688,90000
1689,90000
1690,90000
1691,90000
1692,90000
1693,90000
1694,90000
1695,90000
1696,90000
1697,90000
1698,90000
1699,90000
1700,90000
1701,90000
1702,90000
1703,90000
1704,90000
1705,90000
1706,90000
1707,90000
1708,90000
1709,90000
1710,90000
1711,90000
1712,90000
1713,90000
1714,90000
1715,90000
1716,90000
1717,90000
1718,90000
1719,90000
1720,90000
1721,90000
1722,90000
1723,90000
1724,90000
1725,90000
1726,90000
1727,90000
1728,90000
1729,90000
1730,90000
1731,90000
1732,90000
1733,90000
1734,90000
1735,90000
1736,90000
1737,90000
1738,90000
1739,90000
1740,90000
1741,90000
1742,90000
1743,90000
1744,90000
1745,90000
1746,90000
1747,90000
1748,90000
1749,90000
1750,90000
1751,90000
1752,90000
1753,90000
1754,90000
1755,90000
1756,90000
1757,90000
1758,90000
1759,90000
1760,90000
1761,90000
1762,90000
1763,90000
1764,90000
1765,90000
1766,90000
1767,90000
1768,90000
1769,90000
1770,90000
1771,90000
1772,90000
1773,90000
1774,90000
1775,90000
1776,90000
1777,90000
1778,90000
1779,90000
1780,90000
1781,90000
1782,90000
1783,90000
1784,90000
1785,90000
1786,90000
1787,90000
1788,90000
1789,90000
1790,90000
1791,90000
1792,90000
1793,90000
1794,90000
1795,90000
1796,90000
1797,90000
1798,90000
1799,90000
1800,90000
1801,90000
1802,90000
1803,90000
1804,90000
1805,90000
1806,90000
1807,90000
1808,90000
1809,90000
1810,90000
1811,90000
1812,90000
1813,90000
1814,90000
1815,90000
1816,90000
1817,90000
1818,90000
1819,90000
1820,90000
1821,90000
1822,90000
1823,90000
1824,90000
1825,90000
1826,90000
1827,90000
1828,90000
1829,90000
1830,90000
1831,90000
1832,90000
1833,90000
1834,90000
1835,90000
1836,90000
1837,90000
1838,90000
1839,90000
1840,90000
1841,90000
1842,90000
1843,90000
1844,90000
1845,90000
1846,90000
1847,90000
1848,90000
1849,90000
1850,90000
1851,90000
1852,90000
1853,90000
1854,90000
1855,90000
1856,90000
1857,90000
1858,90000
1859,90000
1860,90000
1861,90000
1862,90000
1863,90000
1864,90000
1865,90000
1866,90000
1867,90000
1868,90000
1869,90000
1870,90000
1871,90000
1872,90000
1873,90000
1874,90000
1875,90000
1876,90000
1877,90000
1878,90000
1879,90000
1880,90000
1881,90000
1882,90000
1883,90000
1884,90000
1885,90000
1886,90000
1887,90000
1888,90000
1889,90000
1890,90000
1891,90000
1892,90000
1893,90000
1894,90000
1895,90000
1896,90000
1897,90000
1898,90000
1899,90000
1900,90000
1901,90000
1902,90000
1903,90000
1904,90000
1905,90000
1906,90000
1907,90000
1908,90000
1909,90000
1910,90000
1911,90000
1912,90000
1913,90000
1914,90000
1915,90000
1916,90000
1917,90000
1918,90000
1919,90000
1920,90000
1921,90000
1922,90000
1923,90000
1924,90000
1925,90000
1926,90000
1927,90000
1928,90000
1929,90000
1930,90000
1931,90000
1932,90000
1933,90000
1934,90000
1935,90000
1936,90000
1937,90000
1938,90000
1939,90000
1940,90000
1941,90000
1942,90000
1943,90000
1944,90000
1945,90000
1946,90000
1947,90000
1948,90000
1949,90000
1950,90000
1951,90000
1952,90000
1953,90000
1954,90000
1955,90000
1956,90000
1957,90000
1958,90000
1959,90000
1960,90000
1961,90000
1962,90000
1963,90000
1964,90000
1965,90000
1966,90000
1967,90000
1968,90000
1969,90000
1970,90000
1971,90000
1972,90000
1973,90000
1974,90000
1975,90000
1976,90000
1977,90000
1978,90000
1979,90000
1980,90000
1981,90000
1982,90000
1983,90000
1984,90000
1985,90000
1986,90000
1987,90000
1988,90000
1989,90000
1990,90000
1991,90000
1992,90000
1993,90000
1994,90000
1995,90000
1996,90000
1997,90000
1998,90000
1999,90000
2000,90000
2001,90000
2002,90000
2003,90000
2004,90000
2005,90000
2006,90000
2007,90000
2008,90000
2009,90000
2010,90000
2011,90000
2012,90000
2013,90000
2014,90000
2015,90000
2016,90000
2017,90000
2018,90000
2019,90000
2020,90000
2021,90000
2022,90000
2023,90000
2024,90000
2025,90000
2026,90000
2027,90000
2028,90000
2029,90000
2030,90000
2031,90000
2032,90000
2033,90000
2034,90000
2035,90000
2036,90000
2037,90000
2038,90000
2039,90000
2040,90000
2041,90000
2042,90000
2043,90000
2044,90000
2045,90000
2046,90000
2047,90000
2048,90000
2049,90000
2050,90000
2051,90000
2052,90000
2053,90000
2054,90000
2055,90000
2056,90000
2057,90000
2058,90000
2059,90000
2060,90000
2061,90000
2062,90000
2063,90000
2064,90000
2065,90000
2066,90000
2067,90000
2068,90000
2069,90000
2070,90000
2071,90000
2072,90000
2073,90000
2074,90000
2075,90000
2076,90000
2077,90000
2078,90000
2079,90000
2080,90000
2081,90000
2082,90000
2083,90000
2084,90000
2085,90000
2086,90000
2087,90000
2088,90000
2089,90000
2090,90000
2091,90000
2092,90000
2093,90000
2094,90000
2095,90000
2096,90000
2097,90000
2098,90000
2099,90000
2100,90000
2101,90000
2102,90000
2103,90000
2104,90000
2105,90000
2106,90000
2107,90000
2108,90000
2109,90000
2110,90000
2111,90000
2112,90000
2113,90000
2114,90000
2115,90000
2116,90000
2117,90000
2118,90000
2119,90000
2120,90000
2121,90000
2122,90000
2123,90000
2124,90000
2125,90000
2126,90000
2127,90000
2128,90000
2129,90000
2130,90000
2131,90000
2132,90000
2133,90000
2134,90000
2135,90000
2136,90000
2137,90000
2138,90000
2139,90000
2140,90000
2141,90000
2142,90000
2143,90000
2144,90000
2145,90000
2146,90000
2147,90000
2148,90000
2149,90000
2150,90000
2151,90000
2152,90000
2153,90000
2154,90000
2155,90000
2156,90000
2157,90000
2158,90000
2159,90000
2160,90000
2161,90000
2162,90000
2163,90000
2164,90000
2165,90000
2166,90000
2167,90000
2168,90000
2169,90000
2170,90000
2171,90000
2172,90000
2173,90000
2174,90000
2175,90000
2176,90000
2177,90000
2178,90000
2179,90000
2180,90000
2181,90000
2182,90000
2183,90000
2184,90000
2185,90000
2186,90000
2187,90000
2188,90000
2189,90000
2190,90000
2191,90000
2192,90000
2193,90000
2194,90000
2195,90000
2196,90000
2197,90000
2198,90000
2199,90000
2200,90000
2201,90000
2202,90000
2203,90000
2204,90000
2205,90000
2206,90000
2207,90000
2208,90000
2209,90000
2210,90000
2211,90000
2212,90000
2213,90000
2214,90000
2215,90000
2216,90000
2217,90000
2218,90000
2219,90000
2220,90000
2221,90000
2222,90000
2223,90000
2224,90000
2225,90000
2226,90000
2227,90000
2228,90000
2229,90000
2230,90000
2231,90000
2232,90000
2233,90000
2234,90000
2235,90000
2236,90000
2237,90000
2238,90000
2239,90000
2240,90000
2241,90000
2242,90000
2243,90000
2244,90000
2245,90000
2246,90000
2247,90000
2248,90000
2249,90000
2250,90000
2251,90000
2252,90000
2253,90000
2254,90000
2255,90000
2256,90000
2257,90000
2258,90000
2259,90000
2260,90000
2261,90000
2262,90000
2263,90000
2264,90000
2265,90000
2266,90000
2267,90000
2268,90000
2269,90000
2270,90000
2271,90000
2272,90000
2273,90000
2274,90000
2275,90000
2276,90000
2277,90000
2278,90000
2279,90000
2280,90000
2281,90000
2282,90000
2283,90000
2284,90000
2285,90000
2286,90000
2287,90000
2288,90000
2289,90000
2290,90000
2291,90000
2292,90000
2293,90000
2294,90000
2295,90000
2296,90000
2297,90000
2298,90000
2299,90000
2300,90000
2301,90000
2302,90000
2303,90000
2304,90000
2305,90000
2306,90000
2307,90000
2308,90000
2309,90000
2310,90000
2311,90000
2312,90000
2313,90000
2314,90000
2315,90000
2316,90000
2317,90000
2318,90000
2319,90000
2320,90000
2321,90000
2322,90000
2323,90000
2324,90000
2325,90000
2326,90000
2327,90000
2328,90000
2329,90000
2330,90000
2331,90000
2332,90000
2333,90000
2334,90000
2335,90000
2336,90000
2337,90000
2338,90000
2339,90000
2340,90000
2341,90000
2342,90000
2343,90000
2344,90000
2345,90000
2346,90000
2347,90000
2348,90000
2349,90000
2350,90000
2351,90000
2352,90000
2353,90000
2354,90000
2355,90000
2356,90000
2357,90000
2358,90000
2359,90000
2360,90000
2361,90000
2362,90000
2363,90000
2364,90000
2365,90000
2366,90000
2367,90000
2368,90000
2369,90000
2370,90000
2371,90000
2372,90000
2373,90000
2374,90000
2375,90000
2376,90000
2377,90000
2378,90000
2379,90000
2380,90000
2381,90000
2382,90000
2383,90000
2384,90000
2385,90000
2386,90000
2387,90000
2388,90000
2389,90000
2390,90000
2391,90000
2392,90000
2393,90000
2394,90000
2395,90000
2396,90000
2397,90000
2398,90000
2399,90000
2400,90000
2401,90000
2402,90000
2403,90000
2404,90000
2405,90000
2406,90000
2407,90000
2408,90000
2409,90000
2410,90000
2411,90000
2412,90000
2413,90000
2414,90000
2415,90000
2416,90000
2417,90000
2418,90000
2419,90000
2420,90000
2421,90000
2422,90000
2423,90000
2424,90000
2425,90000
2426,90000
2427,90000
2428,90000
2429,90000
2430,90000
2431,90000
2432,90000
2433,90000
2434,90000
2435,90000
2436,90000
2437,90000
2438,90000
2439,90000
2440,90000
2441,90000
2442,90000
2443,90000
2444,90000
2445,90000
2446,90000
2447,90000
2448,90000
2449,90000
2450,90000
2451,90000
2452,90000
2453,90000
2454,90000
2455,90000
2456,90000
2457,90000
2458,90000
2459,90000
2460,90000
2461,90000
2462,90000
2463,90000
2464,90000
2465,90000
2466,90000
2467,90000
2468,90000
2469,90000
2470,90000
2471,90000
2472,90000
2473,90000
2474,90000
2475,90000
2476,90000
2477,90000
2478,90000
2479,90000
2480,90000
2481,90000
2482,90000
2483,90000
2484,90000
2485,90000
2486,90000
2487,90000
2488,90000
2489,90000
2490,90000
2491,90000
2492,90000
2493,90000
2494,90000
2495,90000
2496,90000
2497,90000
2498,90000
2499,90000
2500,90000
2501,90000
2502,90000
2503,90000
2504,90000
2505,90000
2506,90000
2507,90000
2508,90000
2509,90000
2510,90000
2511,90000
2512,90000
2513,90000
2514,90000
2515,90000
2516,90000
2517,90000
2518,90000
2519,90000
2520,90000
2521,90000
2522,90000
2523,90000
2524,90000
2525,90000
2526,90000
2527,90000
2528,90000
2529,90000
2530,90000
2531,90000
2532,90000
2533,90000
2534,90000
2535,90000
2536,90000
2537,90000
2538,90000
2539,90000
2540,90000
2541,90000
2542,90000
2543,90000
2544,90000
2545,90000
2546,90000
2547,90000
2548,90000
2549,90000
2550,90000
2551,90000
2552,90000
2553,90000
2554,90000
2555,90000
2556,90000
2557,90000
2558,90000
2559,90000
2560,90000
2561,90000
2562,90000
2563,90000
2564,90000
2565,90000
2566,90000
2567,90000
2568,90000
2569,90000
2570,90000
2571,90000
2572,90000
2573,90000
2574,90000
2575,90000
2576,90000
2577,90000
2578,90000
2579,90000
2580,90000
2581,90000
2582,90000
2583,90000
2584,90000
2585,90000
2586,90000
2587,90000
2588,90000
2589,90000
2590,90000
2591,90000
2592,90000
2593,90000
2594,90000
2595,90000
2596,90000
2597,90000
2598,90000
2599,90000
2600,90000
2601,90000
2602,90000
2603,90000
2604,90000
2605,90000
2606,90000
2607,90000
2608,90000
2609,90000
2610,90000
2611,90000
2612,90000
2613,90000
2614,90000
2615,90000
2616,90000
2617,90000
2618,90000
2619,90000
2620,90000
2621,90000
2622,90000
2623,90000
2624,90000
2625,90000
2626,90000
2627,90000
2628,90000
2629,90000
2630,90000
2631,90000
2632,90000
2633,90000
2634,90000
2635,90000
2636,90000
2637,90000
2638,90000
2639,90000
2640,90000
2641,90000
2642,90000
2643,90000
2644,90000
2645,90000
2646,90000
2647,90000
2648,90000
2649,90000
2650,90000
2651,90000
2652,90000
2653,90000
2654,90000
2655,90000
2656,90000
2657,90000
2658,90000
2659,90000
2660,90000
2661,90000
2662,90000
2663,90000
2664,90000
2665,90000
2666,90000
2667,90000
2668,90000
2669,90000
2670,90000
2671,90000
2672,90000
2673,90000
2674,90000
2675,90000
2676,90000
2677,90000
2678,90000
2679,90000
2680,90000
2681,90000
2682,90000
2683,90000
2684,90000
2685,90000
2686,90000
2687,90000
2688,90000
2689,90000
2690,90000
2691,90000
2692,90000
2693,90000
2694,90000
2695,90000
2696,90000
2697,90000
2698,90000
2699,90000
2700,90000
2701,90000
2702,90000
2703,90000
2704,90000
2705,90000
2706,90000
2707,90000
2708,90000
2709,90000
2710,90000
2711,90000
2712,90000
2713,90000
2714,90000
2715,90000
2716,90000
2717,90000
2718,90000
2719,90000
2720,90000
2721,90000
2722,90000
2723,90000
2724,90000
2725,90000
2726,90000
2727,90000
2728,90000
2729,90000
2730,90000
2731,90000
2732,90000
2733,90000
2734,90000
2735,90000
2736,90000
2737,90000
2738,90000
2739,90000
2740,90000
2741,90000
2742,90000
2743,90000
2744,90000
2745,90000
2746,90000
2747,90000
2748,90000
2749,90000
2750,90000
2751,90000
2752,90000
2753,90000
2754,90000
2755,90000
2756,90000
2757,90000
2758,90000
2759,90000
2760,90000
2761,90000
2762,90000
2763,90000
2764,90000
2765,90000
2766,90000
2767,90000
2768,90000
2769,90000
2770,90000
2771,90000
2772,90000
2773,90000
2774,90000
2775,90000
2776,90000
2777,90000
2778,90000
2779,90000
2780,90000
2781,90000
2782,90000
2783,90000
2784,90000
2785,90000
2786,90000
2787,90000
2788,90000
2789,90000
2790,90000
2791,90000
2792,90000
2793,90000
2794,90000
2795,90000
2796,90000
2797,90000
2798,90000
2799,90000
2800,90000
2801,90000
2802,90000
2803,90000
2804,90000
2805,90000
2806,90000
2807,90000
2808,90000
2809,90000
2810,90000
2811,90000
2812,90000
2813,90000
2814,90000
2815,90000
2816,90000
2817,90000
2818,90000
2819,90000
2820,90000
2821,90000
2822,90000
2823,90000
2824,90000
2825,90000
2826,90000
2827,90000
2828,90000
2829,90000
2830,90000
2831,90000
2832,90000
2833,90000
2834,90000
2835,90000
2836,90000
2837,90000
2838,90000
2839,90000
2840,90000
2841,90000
2842,90000
2843,90000
2844,90000
2845,90000
2846,90000
2847,90000
2848,90000
2849,90000
2850,90000
2851,90000
2852,90000
2853,90000
2854,90000
2855,90000
2856,90000
2857,90000
2858,90000
2859,90000
2860,90000
2861,90000
2862,90000
2863,90000
2864,90000
2865,90000
2866,90000
2867,90000
2868,90000
2869,90000
2870,90000
2871,90000
2872,90000
2873,90000
2874,90000
2875,90000
2876,90000
2877,90000
2878,90000
2879,90000
2880,90000
2881,90000
2882,90000
2883,90000
2884,90000
2885,90000
2886,90000
2887,90000
2888,90000
2889,90000
2890,90000
2891,90000
2892,90000
2893,90000
2894,90000
2895,90000
2896,90000
2897,90000
2898,90000
2899,90000
2900,90000
2901,90000
2902,90000
2903,90000
2904,90000
2905,90000
2906,90000
2907,90000
2908,90000
2909,90000
2910,90000
2911,90000
2912,90000
2913,90000
2914,90000
2915,90000
2916,90000
2917,90000
2918,90000
2919,90000
2920,90000
2921,90000
2922,90000
2923,90000
2924,90000
2925,90000
2926,90000
2927,90000
2928,90000
2929,90000
2930,90000
2931,90000
2932,90000
2933,90000
2934,90000
2935,90000
2936,90000
2937,90000
2938,90000
2939,90000
2940,90000
2941,90000
2942,90000
2943,90000
2944,90000
2945,90000
2946,90000
2947,90000
2948,90000
2949,90000
2950,90000
2951,90000
2952,90000
2953,90000
2954,90000
2955,90000
2956,90000
2957,90000
2958,90000
2959,90000
2960,90000
2961,90000
2962,90000
2963,90000
2964,90000
2965,90000
2966,90000
2967,90000
2968,90000
2969,90000
2970,90000
2971,90000
2972,90000
2973,90000
2974,90000
2975,90000
2976,90000
2977,90000
2978,90000
2979,90000
2980,90000
2981,90000
2982,90000
2983,90000
2984,90000
2985,90000
2986,90000
2987,90000
2988,90000
2989,90000
2990,90000
2991,90000
2992,90000
2993,90000
2994,90000
2995,90000
2996,90000
2997,90000
2998,90000
2999,90000
3000,90000
3001,90000
3002,90000
3003,90000
3004,90000
3005,90000
3006,90000
3007,90000
3008,90000
3009,90000
3010,90000
3011,90000
3012,90000
3013,90000
3014,90000
3015,90000
3016,90000
3017,90000
3018,90000
3019,90000
3020,90000
3021,90000
3022,90000
3023,90000
3024,90000
3025,90000
3026,90000
3027,90000
3028,90000
3029,90000
3030,90000
3031,90000
3032,90000
3033,90000
3034,90000
3035,90000
3036,90000
3037,90000
3038,90000
3039,90000
3040,90000
3041,90000
3042,90000
3043,90000
3044,90000
3045,90000
3046,90000
3047,90000
3048,90000
3049,90000
3050,90000
3051,90000
3052,90000
3053,90000
3054,90000
3055,90000
3056,90000
3057,90000
3058,90000
3059,90000
3060,90000
3061,90000
3062,90000
3063,90000
3064,90000
3065,90000
3066,90000
3067,90000
3068,90000
3069,90000
3070,90000
3071,90000
3072,90000
3073,90000
3074,90000
3075,90000
3076,90000
3077,90000
3078,90000
3079,90000
3080,90000
3081,90000
3082,90000
3083,90000
3084,90000
3085,90000
3086,90000
3087,90000
3088,90000
3089,90000
3090,90000
3091,90000
3092,90000
3093,90000
3094,90000
3095,90000
3096,90000
3097,90000
3098,90000
3099,90000
3100,90000
3101,90000
3102,90000
3103,90000
3104,90000
3105,90000
3106,90000
3107,90000
3108,90000
3109,90000
3110,90000
3111,90000
3112,90000
3113,90000
3114,90000
3115,90000
3116,90000
3117,90000
3118,90000
3119,90000
3120,90000
3121,90000
3122,90000
3123,90000
3124,90000
3125,90000
3126,90000
3127,90000
3128,90000
3129,90000
3130,90000
3131,90000
3132,90000
3133,90000
3134,90000
3135,90000
3136,90000
3137,90000
3138,90000
3139,90000
3140,90000
3141,90000
3142,90000
3143,90000
3144,90000
3145,90000
3146,90000
3147,90000
3148,90000
3149,90000
3150,90000
3151,90000
3152,90000
3153,90000
3154,90000
3155,90000
3156,90000
3157,90000
3158,90000
3159,90000
3160,90000
3161,90000
3162,90000
3163,90000
3164,90000
3165,90000
3166,90000
3167,90000
3168,90000
3169,90000
3170,90000
3171,90000
3172,90000
3173,90000
3174,90000
3175,90000
3176,90000
3177,90000
3178,90000
3179,90000
3180,90000
3181,90000
3182,90000
3183,90000
3184,90000
3185,90000
3186,90000
3187,90000
3188,90000
3189,90000
3190,90000
3191,90000
3192,90000
3193,90000
3194,90000
3195,90000
3196,90000
3197,90000
3198,90000
3199,90000
3200,90000
3201,90000
3202,90000
3203,90000
3204,90000
3205,90000
3206,90000
3207,90000
3208,90000
3209,90000
3210,90000
3211,90000
3212,90000
3213,90000
3214,90000
3215,90000
3216,90000
3217,90000
3218,90000
3219,90000
3220,90000
3221,90000
3222,90000
3223,90000
3224,90000
3225,90000
3226,90000
3227,90000
3228,90000
3229,90000
3230,90000
3231,90000
3232,90000
3233,90000
3234,90000
3235,90000
3236,90000
3237,90000
3238,90000
3239,90000
3240,90000
3241,90000
3242,90000
3243,90000
3244,90000
3245,90000
3246,90000
3247,90000
3248,90000
3249,90000
3250,90000
3251,90000
3252,90000
3253,90000
3254,90000
3255,90000
3256,90000
3257,90000
3258,90000
3259,90000
3260,90000
3261,90000
3262,90000
3263,90000
3264,90000
3265,90000
3266,90000
3267,90000
3268,90000
3269,90000
3270,90000
3271,90000
3272,90000
3273,90000
3274,90000
3275,90000
3276,90000
3277,90000
3278,90000
3279,90000
3280,90000
3281,90000
3282,90000
3283,90000
3284,90000
3285,90000
3286,90000
3287,90000
3288,90000
3289,90000
3290,90000
3291,90000
3292,90000
3293,90000
3294,90000
3295,90000
3296,90000
3297,90000
3298,90000
3299,90000
3300,90000
3301,90000
3302,90000
3303,90000
3304,90000
3305,90000
3306,90000
3307,90000
3308,90000
3309,90000
3310,90000
3311,90000
3312,90000
3313,90000
3314,90000
3315,90000
3316,90000
3317,90000
3318,90000
3319,90000
3320,90000
3321,90000
3322,90000
3323,90000
3324,90000
3325,90000
3326,90000
3327,90000
3328,90000
3329,90000
3330,90000
3331,90000
3332,90000
3333,90000
3334,90000
3335,90000
3336,90000
3337,90000
3338,90000
3339,90000
3340,90000
3341,90000
3342,90000
3343,90000
3344,90000
3345,90000
3346,90000
3347,90000
3348,90000
3349,90000
3350,90000
3351,90000
3352,90000
3353,90000
3354,90000
3355,90000
3356,90000
3357,90000
3358,90000
3359,90000
3360,90000
3361,90000
3362,90000
3363,90000
3364,90000
3365,90000
3366,90000
3367,90000
3368,90000
3369,90000
3370,90000
3371,90000
3372,90000
3373,90000
3374,90000
3375,90000
3376,90000
3377,90000
3378,90000
3379,90000
3380,90000
3381,90000
3382,90000
3383,90000
3384,90000
3385,90000
3386,90000
3387,90000
3388,90000
3389,90000
3390,90000
3391,90000
3392,90000
3393,90000
3394,90000
3395,90000
3396,90000
3397,90000
3398,90000
3399,90000
3400,90000
3401,90000
3402,90000
3403,90000
3404,90000
3405,90000
3406,90000
3407,90000
3408,90000
3409,90000
3410,90000
3411,90000
3412,90000
3413,90000
3414,90000
3415,90000
3416,90000
3417,90000
3418,90000
3419,90000
3420,90000
3421,90000
3422,90000
3423,90000
3424,90000
3425,90000
3426,90000
3427,90000
3428,90000
3429,90000
3430,90000
3431,90000
3432,90000
3433,90000
3434,90000
3435,90000
3436,90000
3437,90000
3438,90000
3439,90000
3440,90000
3441,90000
3442,90000
3443,90000
3444,90000
3445,90000
3446,90000
3447,90000
3448,90000
3449,90000
3450,90000
3451,90000
3452,90000
3453,90000
3454,90000
3455,90000
3456,90000
3457,90000
3458,90000
3459,90000
3460,90000
3461,90000
3462,90000
3463,90000
3464,90000
3465,90000
3466,90000
3467,90000
3468,90000
3469,90000
3470,90000
3471,90000
3472,90000
3473,90000
3474,90000
3475,90000
3476,90000
3477,90000
3478,90000
3479,90000
3480,90000
3481,90000
3482,90000
3483,90000
3484,90000
3485,90000
3486,90000
3487,90000
3488,90000
3489,90000
3490,90000
3491,90000
3492,90000
3493,90000
3494,90000
3495,90000
3496,90000
3497,90000
3498,90000
3499,90000
3500,90000
3501,90000
3502,90000
3503,90000
3504,90000
3505,90000
3506,90000
3507,90000
3508,90000
3509,90000
3510,90000
3511,90000
3512,90000
3513,90000
3514,90000
3515,90000
3516,90000
3517,90000
3518,90000
3519,90000
3520,90000
3521,90000
3522,90000
3523,90000
3524,90000
3525,90000
3526,90000
3527,90000
3528,90000
3529,90000
3530,90000
3531,90000
3532,90000
3533,90000
3534,90000
3535,90000
3536,90000
3537,90000
3538,90000
3539,90000
3540,90000
3541,90000
3542,90000
3543,90000
3544,90000
3545,90000
3546,90000
3547,90000
3548,90000
3549,90000
3550,90000
3551,90000
3552,90000
3553,90000
3554,90000
3555,90000
3556,90000
3557,90000
3558,90000
3559,90000
3560,90000
3561,90000
3562,90000
3563,90000
3564,90000
3565,90000
3566,90000
3567,90000
3568,90000
3569,90000
3570,90000
3571,90000
3572,90000
3573,90000
3574,90000
3575,90000
3576,90000
3577,90000
3578,90000
3579,90000
3580,90000
3581,90000
3582,90000
3583,90000
3584,90000
3585,90000
3586,90000
3587,90000
3588,90000
3589,90000
3590,90000
3591,90000
3592,90000
3593,90000
3594,90000
3595,90000
3596,90000
3597,90000
3598,90000
3599,90000
3600,90000
3601,90000
3602,90000
3603,90000
3604,90000
3605,90000
3606,90000
3607,90000
3608,90000
3609,90000
3610,90000
3611,90000
3612,90000
3613,90000
3614,90000
3615,90000
3616,90000
3617,90000
3618,90000
3619,90000
3620,90000
3621,90000
3622,90000
3623,90000
3624,90000
3625,90000
3626,90000
3627,90000
3628,90000
3629,90000
3630,90000
3631,90000
3632,90000
3633,90000
3634,90000
3635,90000
3636,90000
3637,90000
3638,90000
3639,90000
3640,90000
3641,90000
3642,90000
3643,90000
3644,90000
3645,90000
3646,90000
3647,90000
3648,90000
3649,90000
3650,90000
3651,90000
3652,90000
3653,90000
3654,90000
3655,90000
3656,90000
3657,90000
3658,90000
3659,90000
3660,90000
3661,90000
3662,90000
3663,90000
3664,90000
3665,90000
3666,90000
3667,90000
3668,90000
3669,90000
3670,90000
3671,90000
3672,90000
3673,90000
3674,90000
3675,90000
3676,90000
3677,90000
3678,90000
3679,90000
3680,90000
3681,90000
3682,90000
3683,90000
3684,90000
3685,90000
3686,90000
3687,90000
3688,90000
3689,90000
3690,90000
3691,90000
3692,90000
3693,90000
3694,90000
3695,90000
3696,90000
3697,90000
3698,90000
3699,90000
3700,90000
3701,90000
3702,90000
3703,90000
3704,90000
3705,90000
3706,90000
3707,90000
3708,90000
3709,90000
3710,90000
3711,90000
3712,90000
3713,90000
3714,90000
3715,90000
3716,90000
3717,90000
3718,90000
3719,90000
3720,90000
3721,90000
3722,90000
3723,90000
3724,90000
3725,90000
3726,90000
3727,90000
3728,90000
3729,90000
3730,90000
3731,90000
3732,90000
3733,90000
3734,90000
3735,90000
3736,90000
3737,90000
3738,90000
3739,90000
3740,90000
3741,90000
3742,90000
3743,90000
3744,90000
3745,90000
3746,90000
3747,90000
3748,90000
3749,90000
3750,90000
3751,90000
3752,90000
3753,90000
3754,90000
3755,90000
3756,90000
3757,90000
3758,90000
3759,90000
3760,90000
3761,90000
3762,90000
3763,90000
3764,90000
3765,90000
3766,90000
3767,90000
3768,90000
3769,90000
3770,90000
3771,90000
3772,90000
3773,90000
3774,90000
3775,90000
3776,90000
3777,90000
3778,90000
3779,90000
3780,90000
3781,90000
3782,90000
3783,90000
3784,90000
3785,90000
3786,90000
3787,90000
3788,90000
3789,90000
3790,90000
3791,90000
3792,90000
3793,90000
3794,90000
3795,90000
3796,90000
3797,90000
3798,90000
3799,90000
3800,90000
3801,90000
3802,90000
3803,90000
3804,90000
3805,90000
3806,90000
3807,90000
3808,90000
3809,90000
3810,90000
3811,90000
3812,90000
3813,90000
3814,90000
3815,90000
3816,90000
3817,90000
3818,90000
3819,90000
3820,90000
3821,90000
3822,90000
3823,90000
3824,90000
3825,90000
3826,90000
3827,90000
3828,90000
3829,90000
3830,90000
3831,90000
3832,90000
3833,90000
3834,90000
3835,90000
3836,90000
3837,90000
3838,90000
3839,90000
3840,90000
3841,90000
3842,90000
3843,90000
3844,90000
3845,90000
3846,90000
3847,90000
3848,90000
3849,90000
3850,90000
3851,90000
3852,90000
3853,90000
3854,90000
3855,90000
3856,90000
3857,90000
3858,90000
3859,90000
3860,90000
3861,90000
3862,90000
3863,90000
3864,90000
3865,90000
3866,90000
3867,90000
3868,90000
3869,90000
3870,90000
3871,90000
3872,90000
3873,90000
3874,90000
3875,90000
3876,90000
3877,90000
3878,90000
3879,90000
3880,90000
3881,90000
3882,90000
3883,90000
3884,90000
3885,90000
3886,90000
3887,90000
3888,90000
3889,90000
3890,90000
3891,90000
3892,90000
3893,90000
3894,90000
3895,90000
3896,90000
3897,90000
3898,90000
3899,90000
3900,90000
3901,90000
3902,90000
3903,90000
3904,90000
3905,90000
3906,90000
3907,90000
3908,90000
3909,90000
3910,90000
3911,90000
3912,90000
3913,90000
3914,90000
3915,90000
3916,90000
3917,90000
3918,90000
3919,90000
3920,90000
3921,90000
3922,90000
3923,90000
3924,90000
3925,90000
3926,90000
3927,90000
3928,90000
3929,90000
3930,90000
3931,90000
3932,90000
3933,90000
3934,90000
3935,90000
3936,90000
3937,90000
3938,90000
3939,90000
3940,90000
3941,90000
3942,90000
3943,90000
3944,90000
3945,90000
3946,90000
3947,90000
3948,90000
3949,90000
3950,90000
3951,90000
3952,90000
3953,90000
3954,90000
3955,90000
3956,90000
3957,90000
3958,90000
3959,90000
3960,90000
3961,90000
3962,90000
3963,90000
3964,90000
3965,90000
3966,90000
3967,90000
3968,90000
3969,90000
3970,90000
3971,90000
3972,90000
3973,90000
3974,90000
3975,90000
3976,90000
3977,90000
3978,90000
3979,90000
3980,90000
3981,90000
3982,90000
3983,90000
3984,90000
3985,90000
3986,90000
3987,90000
3988,90000
3989,90000
3990,90000
3991,90000
3992,90000
3993,90000
3994,90000
3995,90000
3996,90000
3997,90000
3998,90000
3999,90000
4000,90000
4001,90000
4002,90000
4003,90000
4004,90000
4005,90000
4006,90000
4007,90000
4008,90000
4009,90000
4010,90000
4011,90000
4012,90000
4013,90000
4014,90000
4015,90000
4016,90000
4017,90000
4018,90000
4019,90000
4020,90000
4021,90000
4022,90000
4023,90000
4024,90000
4025,90000
4026,90000
4027,90000
4028,90000
4029,90000
4030,90000
4031,90000
4032,90000
4033,90000
4034,90000
4035,90000
4036,90000
4037,90000
4038,90000
4039,90000
4040,90000
4041,90000
4042,90000
4043,90000
4044,90000
4045,90000
4046,90000
4047,90000
4048,90000
4049,90000
4050,90000
4051,90000
4052,90000
4053,90000
4054,90000
4055,90000
4056,90000
4057,90000
4058,90000
4059,90000
4060,90000
4061,90000
4062,90000
4063,90000
4064,90000
4065,90000
4066,90000
4067,90000
4068,90000
4069,90000
4070,90000
4071,90000
4072,90000
4073,90000
4074,90000
4075,90000
4076,90000
4077,90000
4078,90000
4079,90000
4080,90000
4081,90000
4082,90000
4083,90000
4084,90000
4085,90000
4086,90000
4087,90000
4088,90000
4089,90000
4090,90000
4091,90000
4092,90000
4093,90000
4094,90000
4095,90000
4096,90000
4097,90000
4098,90000
4099,90000
4100,90000
4101,90000
4102,90000
4103,90000
4104,90000
4105,90000
4106,90000
4107,90000
4108,90000
4109,90000
4110,90000
4111,90000
4112,90000
4113,90000
4114,90000
4115,90000
4116,90000
4117,90000
4118,90000
4119,90000
4120,90000
4121,90000
4122,90000
4123,90000
4124,90000
4125,90000
4126,90000
4127,90000
4128,90000
4129,90000
4130,90000
4131,90000
4132,90000
4133,90000
4134,90000
4135,90000
4136,90000
4137,90000
4138,90000
4139,90000
4140,90000
4141,90000
4142,90000
4143,90000
4144,90000
4145,90000
4146,90000
4147,90000
4148,90000
4149,90000
4150,90000
4151,90000
4152,90000
4153,90000
4154,90000
4155,90000
4156,90000
4157,90000
4158,90000
4159,90000
4160,90000
4161,90000
4162,90000
4163,90000
4164,90000
4165,90000
4166,90000
4167,90000
4168,90000
4169,90000
4170,90000
4171,90000
4172,90000
4173,90000
4174,90000
4175,90000
4176,90000
4177,90000
4178,90000
4179,90000
4180,90000
4181,90000
4182,90000
4183,90000
4184,90000
4185,90000
4186,90000
4187,90000
4188,90000
4189,90000
4190,90000
4191,90000
4192,90000
4193,90000
4194,90000
4195,90000
4196,90000
4197,90000
4198,90000
4199,90000
4200,90000
4201,90000
4202,90000
4203,90000
4204,90000
4205,90000
4206,90000
4207,90000
4208,90000
4209,90000
4210,90000
4211,90000
4212,90000
4213,90000
4214,90000
4215,90000
4216,90000
4217,90000
4218,90000
4219,90000
4220,90000
4221,90000
4222,90000
4223,90000
4224,90000
4225,90000
4226,90000
4227,90000
4228,90000
4229,90000
4230,90000
4231,90000
4232,90000
4233,90000
4234,90000
4235,90000
4236,90000
4237,90000
4238,90000
4239,90000
4240,90000
4241,90000
4242,90000
4243,90000
4244,90000
4245,90000
4246,90000
4247,90000
4248,90000
4249,90000
4250,90000
4251,90000
4252,90000
4253,90000
4254,90000
4255,90000
4256,90000
4257,90000
4258,90000
4259,90000
4260,90000
4261,90000
4262,90000
4263,90000
4264,90000
4265,90000
4266,90000
4267,90000
4268,90000
4269,90000
4270,90000
4271,90000
4272,90000
4273,90000
4274,90000
4275,90000
4276,90000
4277,90000
4278,90000
4279,90000
4280,90000
4281,90000
4282,90000
4283,90000
4284,90000
4285,90000
4286,90000
4287,90000
4288,90000
4289,90000
4290,90000
4291,90000
4292,90000
4293,90000
4294,90000
4295,90000
4296,90000
4297,90000
4298,90000
4299,90000
4300,90000
4301,90000
4302,90000
4303,90000
4304,90000
4305,90000
4306,90000
4307,90000
4308,90000
4309,90000
4310,90000
4311,90000
4312,90000
4313,90000
4314,90000
4315,90000
4316,90000
4317,90000
4318,90000
4319,90000
4320,90000
4321,90000
4322,90000
4323,90000
4324,90000
4325,90000
4326,90000
4327,90000
4328,90000
4329,90000
4330,90000
4331,90000
4332,90000
4333,90000
4334,90000
4335,90000
4336,90000
4337,90000
4338,90000
4339,90000
4340,90000
4341,90000
4342,90000
4343,90000
4344,90000
4345,90000
4346,90000
4347,90000
4348,90000
4349,90000
4350,90000
4351,90000
4352,90000
4353,90000
4354,90000
4355,90000
4356,90000
4357,90000
4358,90000
4359,90000
4360,90000
4361,90000
4362,90000
4363,90000
4364,90000
4365,90000
4366,90000
4367,90000
4368,90000
4369,90000
4370,90000
4371,90000
4372,90000
4373,90000
4374,90000
4375,90000
4376,90000
4377,90000
4378,90000
4379,90000
4380,90000
4381,90000
4382,90000
4383,90000
4384,90000
4385,90000
4386,90000
4387,90000
4388,90000
4389,90000
4390,90000
4391,90000
4392,90000
4393,90000
4394,90000
4395,90000
4396,90000
4397,90000
4398,90000
4399,90000
4400,90000
4401,90000
4402,90000
4403,90000
4404,90000
4405,90000
4406,90000
4407,90000
4408,90000
4409,90000
4410,90000
4411,90000
4412,90000
4413,90000
4414,90000
4415,90000
4416,90000
4417,90000
4418,90000
4419,90000
4420,90000
4421,90000
4422,90000
4423,90000
4424,90000
4425,90000
4426,90000
4427,90000
4428,90000
4429,90000
4430,90000
4431,90000
4432,90000
4433,90000
4434,90000
4435,90000
4436,90000
4437,90000
4438,90000
4439,90000
4440,90000
4441,90000
4442,90000
4443,90000
4444,90000
4445,90000
4446,90000
4447,90000
4448,90000
4449,90000
4450,90000
4451,90000
4452,90000
4453,90000
4454,90000
4455,90000
4456,90000
4457,90000
4458,90000
4459,90000
4460,90000
4461,90000
4462,90000
4463,90000
4464,90000
4465,90000
4466,90000
4467,90000
4468,90000
4469,90000
4470,90000
4471,90000
4472,90000
4473,90000
4474,90000
4475,90000
4476,90000
4477,90000
4478,90000
4479,90000
4480,90000
4481,90000
4482,90000
4483,90000
4484,90000
4485,90000
4486,90000
4487,90000
4488,90000
4489,90000
4490,90000
4491,90000
4492,90000
4493,90000
4494,90000
4495,90000
4496,90000
4497,90000
4498,90000
4499,90000
4500,90000
4501,90000
4502,90000
4503,90000
4504,90000
4505,90000
4506,90000
4507,90000
4508,90000
4509,90000
4510,90000
4511,90000
4512,90000
4513,90000
4514,90000
4515,90000
4516,90000
4517,90000
4518,90000
4519,90000
4520,90000
4521,90000
4522,90000
4523,90000
4524,90000
4525,90000
4526,90000
4527,90000
4528,90000
4529,90000
4530,90000
4531,90000
4532,90000
4533,90000
4534,90000
4535,90000
4536,90000
4537,90000
4538,90000
4539,90000
4540,90000
4541,90000
4542,90000
4543,90000
4544,90000
4545,90000
4546,90000
4547,90000
4548,90000
4549,90000
4550,90000
4551,90000
4552,90000
4553,90000
4554,90000
4555,90000
4556,90000
4557,90000
4558,90000
4559,90000
4560,90000
4561,90000
4562,90000
4563,90000
4564,90000
4565,90000
4566,90000
4567,90000
4568,90000
4569,90000
4570,90000
4571,90000
4572,90000
4573,90000
4574,90000
4575,90000
4576,90000
4577,90000
4578,90000
4579,90000
4580,90000
4581,90000
4582,90000
4583,90000
4584,90000
4585,90000
4586,90000
4587,90000
4588,90000
4589,90000
4590,90000
4591,90000
4592,90000
4593,90000
4594,90000
4595,90000
4596,90000
4597,90000
4598,90000
4599,90000
4600,90000
4601,90000
4602,90000
4603,90000
4604,90000
4605,90000
4606,90000
4607,90000
4608,90000
4609,90000
4610,90000
4611,90000
4612,90000
4613,90000
4614,90000
4615,90000
4616,90000
4617,90000
4618,90000
4619,90000
4620,90000
4621,90000
4622,90000
4623,90000
4624,90000
4625,90000
4626,90000
4627,90000
4628,90000
4629,90000
4630,90000
4631,90000
4632,90000
4633,90000
4634,90000
4635,90000
4636,90000
4637,90000
4638,90000
4639,90000
4640,90000
4641,90000
4642,90000
4643,90000
4644,90000
4645,90000
4646,90000
4647,90000
4648,90000
4649,90000
4650,90000
4651,90000
4652,90000
4653,90000
4654,90000
4655,90000
4656,90000
4657,90000
4658,90000
4659,90000
4660,90000
4661,90000
4662,90000
4663,90000
4664,90000
4665,90000
4666,90000
4667,90000
4668,90000
4669,90000
4670,90000
4671,90000
4672,90000
4673,90000
4674,90000
4675,90000
4676,90000
4677,90000
4678,90000
4679,90000
4680,90000
4681,90000
4682,90000
4683,90000
4684,90000
4685,90000
4686,90000
4687,90000
4688,90000
4689,90000
4690,90000
4691,90000
4692,90000
4693,90000
4694,90000
4695,90000
4696,90000
4697,90000
4698,90000
4699,90000
4700,90000
4701,90000
4702,90000
4703,90000
4704,90000
4705,90000
4706,90000
4707,90000
4708,90000
4709,90000
4710,90000
4711,90000
4712,90000
4713,90000
4714,90000
4715,90000
4716,90000
4717,90000
4718,90000
4719,90000
4720,90000
4721,90000
4722,90000
4723,90000
4724,90000
4725,90000
4726,90000
4727,90000
4728,90000
4729,90000
4730,90000
4731,90000
4732,90000
4733,90000
4734,90000
4735,90000
4736,90000
4737,90000
4738,90000
4739,90000
4740,90000
4741,90000
4742,90000
4743,90000
4744,90000
4745,90000
4746,90000
4747,90000
4748,90000
4749,90000
4750,90000
4751,90000
4752,90000
4753,90000
4754,90000
4755,90000
4756,90000
4757,90000
4758,90000
4759,90000
4760,90000
4761,90000
4762,90000
4763,90000
4764,90000
4765,90000
4766,90000
4767,90000
4768,90000
4769,90000
4770,90000
4771,90000
4772,90000
4773,90000
4774,90000
4775,90000
4776,90000
4777,90000
4778,90000
4779,90000
4780,90000
4781,90000
4782,90000
4783,90000
4784,90000
4785,90000
4786,90000
4787,90000
4788,90000
4789,90000
4790,90000
4791,90000
4792,90000
4793,90000
4794,90000
4795,90000
4796,90000
4797,90000
4798,90000
4799,90000
4800,90000
4801,90000
4802,90000
4803,90000
4804,90000
4805,90000
4806,90000
4807,90000
4808,90000
4809,90000
4810,90000
4811,90000
4812,90000
4813,90000
4814,90000
4815,90000
4816,90000
4817,90000
4818,90000
4819,90000
4820,90000
4821,90000
4822,90000
4823,90000
4824,90000
4825,90000
4826,90000
4827,90000
4828,90000
4829,90000
4830,90000
4831,90000
4832,90000
4833,90000
4834,90000
4835,90000
4836,90000
4837,90000
4838,90000
4839,90000
4840,90000
4841,90000
4842,90000
4843,90000
4844,90000
4845,90000
4846,90000
4847,90000
4848,90000
4849,90000
4850,90000
4851,90000
4852,90000
4853,90000
4854,90000
4855,90000
4856,90000
4857,90000
4858,90000
4859,90000
4860,90000
4861,90000
4862,90000
4863,90000
4864,90000
4865,90000
4866,90000
4867,90000
4868,90000
4869,90000
4870,90000
4871,90000
4872,90000
4873,90000
4874,90000
4875,90000
4876,90000
4877,90000
4878,90000
4879,90000
4880,90000
4881,90000
4882,90000
4883,90000
4884,90000
4885,90000
4886,90000
4887,90000
4888,90000
4889,90000
4890,90000
4891,90000
4892,90000
4893,90000
4894,90000
4895,90000
4896,90000
4897,90000
4898,90000
4899,90000
4900,90000
4901,90000
4902,90000
4903,90000
4904,90000
4905,90000
4906,90000
4907,90000
4908,90000
4909,90000
4910,90000
4911,90000
4912,90000
4913,90000
4914,90000
4915,90000
4916,90000
4917,90000
4918,90000
4919,90000
4920,90000
4921,90000
4922,90000
4923,90000
4924,90000
4925,90000
4926,90000
4927,90000
4928,90000
4929,90000
4930,90000
4931,90000
4932,90000
4933,90000
4934,90000
4935,90000
4936,90000
4937,90000
4938,90000
4939,90000
4940,90000
4941,90000
4942,90000
4943,90000
4944,90000
4945,90000
4946,90000
4947,90000
4948,90000
4949,90000
4950,90000
4951,90000
4952,90000
4953,90000
4954,90000
4955,90000
4956,90000
4957,90000
4958,90000
4959,90000
4960,90000
4961,90000
4962,90000
4963,90000
4964,90000
4965,90000
4966,90000
4967,90000
4968,90000
4969,90000
4970,90000
4971,90000
4972,90000
4973,90000
4974,90000
4975,90000
4976,90000
4977,90000
4978,90000
4979,90000
4980,90000
4981,90000
4982,90000
4983,90000
4984,90000
4985,90000
4986,90000
4987,90000
4988,90000
4989,90000
4990,90000
4991,90000
4992,90000
4993,90000
4994,90000
4995,90000
4996,90000
4997,90000
4998,90000
4999,90000
5000,90000
5001,90000
5002,90000
5003,90000
5004,90000
5005,90000
5006,90000
5007,90000
5008,90000
5009,90000
5010,90000
5011,90000
5012,90000
5013,90000
5014,90000
5015,90000
5016,90000
5017,90000
5018,90000
5019,90000
5020,90000
5021,90000
5022,90000
5023,90000
5024,90000
5025,90000
5026,90000
5027,90000
5028,90000
5029,90000
5030,90000
5031,90000
5032,90000
5033,90000
5034,90000
5035,90000
5036,90000
5037,90000
5038,90000
5039,90000
5040,90000
5041,90000
5042,90000
5043,90000
5044,90000
5045,90000
5046,90000
5047,90000
5048,90000
5049,90000
5050,90000
5051,90000
5052,90000
5053,90000
5054,90000
5055,90000
5056,90000
5057,90000
5058,90000
5059,90000
5060,90000
5061,90000
5062,90000
5063,90000
5064,90000
5065,90000
5066,90000
5067,90000
5068,90000
5069,90000
5070,90000
5071,90000
5072,90000
5073,90000
5074,90000
5075,90000
5076,90000
5077,90000
5078,90000
5079,90000
5080,90000
5081,90000
5082,90000
5083,90000
5084,90000
5085,90000
5086,90000
5087,90000
5088,90000
5089,90000
5090,90000
5091,90000
5092,90000
5093,90000
5094,90000
5095,90000
5096,90000
5097,90000
5098,90000
5099,90000
5100,90000
5101,90000
5102,90000
5103,90000
5104,90000
5105,90000
5106,90000
5107,90000
5108,90000
5109,90000
5110,90000
5111,90000
5112,90000
5113,90000
5114,90000
5115,90000
5116,90000
5117,90000
5118,90000
5119,90000
5120,90000
5121,90000
5122,90000
5123,90000
5124,90000
5125,90000
5126,90000
5127,90000
5128,90000
5129,90000
5130,90000
5131,90000
5132,90000
5133,90000
5134,90000
5135,90000
5136,90000
5137,90000
5138,90000
5139,90000
5140,90000
5141,90000
5142,90000
5143,90000
5144,90000
5145,90000
5146,90000
5147,90000
5148,90000
5149,90000
5150,90000
5151,90000
5152,90000
5153,90000
5154,90000
5155,90000
5156,90000
5157,90000
5158,90000
5159,90000
5160,90000
5161,90000
5162,90000
5163,90000
5164,90000
5165,90000
5166,90000
5167,90000
5168,90000
5169,90000
5170,90000
5171,90000
5172,90000
5173,90000
5174,90000
5175,90000
5176,90000
5177,90000
5178,90000
5179,90000
5180,90000
5181,90000
5182,90000
5183,90000
5184,90000
5185,90000
5186,90000
5187,90000
5188,90000
5189,90000
5190,90000
5191,90000
5192,90000
5193,90000
5194,90000
5195,90000
5196,90000
5197,90000
5198,90000
5199,90000
5200,90000
5201,90000
5202,90000
5203,90000
5204,90000
5205,90000
5206,90000
5207,90000
5208,90000
5209,90000
5210,90000
5211,90000
5212,90000
5213,90000
5214,90000
5215,90000
5216,90000
5217,90000
5218,90000
5219,90000
5220,90000
5221,90000
5222,90000
5223,90000
5224,90000
5225,90000
5226,90000
5227,90000
5228,90000
5229,90000
5230,90000
5231,90000
5232,90000
5233,90000
5234,90000
5235,90000
5236,90000
5237,90000
5238,90000
5239,90000
5240,90000
5241,90000
5242,90000
5243,90000
5244,90000
5245,90000
5246,90000
5247,90000
5248,90000
5249,90000
5250,90000
5251,90000
5252,90000
5253,90000
5254,90000
5255,90000
5256,90000
5257,90000
5258,90000
5259,90000
5260,90000
5261,90000
5262,90000
5263,90000
5264,90000
5265,90000
5266,90000
5267,90000
5268,90000
5269,90000
5270,90000
5271,90000
5272,90000
5273,90000
5274,90000
5275,90000
5276,90000
5277,90000
5278,90000
5279,90000
5280,90000
5281,90000
5282,90000
5283,90000
5284,90000
5285,90000
5286,90000
5287,90000
5288,90000
5289,90000
5290,90000
5291,90000
5292,90000
5293,90000
5294,90000
5295,90000
5296,90000
5297,90000
5298,90000
5299,90000
5300,90000
5301,90000
5302,90000
5303,90000
5304,90000
5305,90000
5306,90000
5307,90000
5308,90000
5309,90000
5310,90000
5311,90000
5312,90000
5313,90000
5314,90000
5315,90000
5316,90000
5317,90000
5318,90000
5319,90000
5320,90000
5321,90000
5322,90000
5323,90000
5324,90000
5325,90000
5326,90000
5327,90000
5328,90000
5329,90000
5330,90000
5331,90000
5332,90000
5333,90000
5334,90000
5335,90000
5336,90000
5337,90000
5338,90000
5339,90000
5340,90000
5341,90000
5342,90000
5343,90000
5344,90000
5345,90000
5346,90000
5347,90000
5348,90000
5349,90000
5350,90000
5351,90000
5352,90000
5353,90000
5354,90000
5355,90000
5356,90000
5357,90000
5358,90000
5359,90000
5360,90000
5361,90000
5362,90000
5363,90000
5364,90000
5365,90000
5366,90000
5367,90000
5368,90000
5369,90000
5370,90000
5371,90000
5372,90000
5373,90000
5374,90000
5375,90000
5376,90000
5377,90000
5378,90000
5379,90000
5380,90000
5381,90000
5382,90000
5383,90000
5384,90000
5385,90000
5386,90000
5387,90000
5388,90000
5389,90000
5390,90000
5391,90000
5392,90000
5393,90000
5394,90000
5395,90000
5396,90000
5397,90000
5398,90000
5399,90000
5400,90000
5401,90000
5402,90000
5403,90000
5404,90000
5405,90000
5406,90000
5407,90000
5408,90000
5409,90000
5410,90000
5411,90000
5412,90000
5413,90000
5414,90000
5415,90000
5416,90000
5417,90000
5418,90000
5419,90000
5420,90000
5421,90000
5422,90000
5423,90000
5424,90000
5425,90000
5426,90000
5427,90000
5428,90000
5429,90000
5430,90000
5431,90000
5432,90000
5433,90000
5434,90000
5435,90000
5436,90000
5437,90000
5438,90000
5439,90000
5440,90000
5441,90000
5442,90000
5443,90000
5444,90000
5445,90000
5446,90000
5447,90000
5448,90000
5449,90000
5450,90000
5451,90000
5452,90000
5453,90000
5454,90000
5455,90000
5456,90000
5457,90000
5458,90000
5459,90000
5460,90000
5461,90000
5462,90000
5463,90000
5464,90000
5465,90000
5466,90000
5467,90000
5468,90000
5469,90000
5470,90000
5471,90000
5472,90000
5473,90000
5474,90000
5475,90000
5476,90000
5477,90000
5478,90000
5479,90000
5480,90000
5481,90000
5482,90000
5483,90000
5484,90000
5485,90000
5486,90000
5487,90000
5488,90000
5489,90000
5490,90000
5491,90000
5492,90000
5493,90000
5494,90000
5495,90000
5496,90000
5497,90000
5498,90000
5499,90000
5500,90000
5501,90000
5502,90000
5503,90000
5504,90000
5505,90000
5506,90000
5507,90000
5508,90000
5509,90000
5510,90000
5511,90000
5512,90000
5513,90000
5514,90000
5515,90000
5516,90000
5517,90000
5518,90000
5519,90000
5520,90000
5521,90000
5522,90000
5523,90000
5524,90000
5525,90000
5526,90000
5527,90000
5528,90000
5529,90000
5530,90000
5531,90000
5532,90000
5533,90000
5534,90000
5535,90000
5536,90000
5537,90000
5538,90000
5539,90000
5540,90000
5541,90000
5542,90000
5543,90000
5544,90000
5545,90000
5546,90000
5547,90000
5548,90000
5549,90000
5550,90000
5551,90000
5552,90000
5553,90000
5554,90000
5555,90000
5556,90000
5557,90000
5558,90000
5559,90000
5560,90000
5561,90000
5562,90000
5563,90000
5564,90000
5565,90000
5566,90000
5567,90000
5568,90000
5569,90000
5570,90000
5571,90000
5572,90000
5573,90000
5574,90000
5575,90000
5576,90000
5577,90000
5578,90000
5579,90000
5580,90000
5581,90000
5582,90000
5583,90000
5584,90000
5585,90000
5586,90000
5587,90000
5588,90000
5589,90000
5590,90000
5591,90000
5592,90000
5593,90000
5594,90000
5595,90000
5596,90000
5597,90000
5598,90000
5599,90000
5600,90000
5601,90000
5602,90000
5603,90000
5604,90000
5605,90000
5606,90000
5607,90000
5608,90000
5609,90000
5610,90000
5611,90000
5612,90000
5613,90000
5614,90000
5615,90000
5616,90000
5617,90000
5618,90000
5619,90000
5620,90000
5621,90000
5622,90000
5623,90000
5624,90000
5625,90000
5626,90000
5627,90000
5628,90000
5629,90000
5630,90000
5631,90000
5632,90000
5633,90000
5634,90000
5635,90000
5636,90000
5637,90000
5638,90000
5639,90000
5640,90000
5641,90000
5642,90000
5643,90000
5644,90000
5645,90000
5646,90000
5647,90000
5648,90000
5649,90000
5650,90000
5651,90000
5652,90000
5653,90000
5654,90000
5655,90000
5656,90000
5657,90000
5658,90000
5659,90000
5660,90000
5661,90000
5662,90000
5663,90000
5664,90000
5665,90000
5666,90000
5667,90000
5668,90000
5669,90000
5670,90000
5671,90000
5672,90000
5673,90000
5674,90000
5675,90000
5676,90000
5677,90000
5678,90000
5679,90000
5680,90000
5681,90000
5682,90000
5683,90000
5684,90000
5685,90000
5686,90000
5687,90000
5688,90000
5689,90000
5690,90000
5691,90000
5692,90000
5693,90000
5694,90000
5695,90000
5696,90000
5697,90000
5698,90000
5699,90000
5700,90000
5701,90000
5702,90000
5703,90000
5704,90000
5705,90000
5706,90000
5707,90000
5708,90000
5709,90000
5710,90000
5711,90000
5712,90000
5713,90000
5714,90000
5715,90000
5716,90000
5717,90000
5718,90000
5719,90000
5720,90000
5721,90000
5722,90000
5723,90000
5724,90000
5725,90000
5726,90000
5727,90000
5728,90000
5729,90000
5730,90000
5731,90000
5732,90000
5733,90000
5734,90000
5735,90000
5736,90000
5737,90000
5738,90000
5739,90000
5740,90000
5741,90000
5742,90000
5743,90000
5744,90000
5745,90000
5746,90000
5747,90000
5748,90000
5749,90000
5750,90000
5751,90000
5752,90000
5753,90000
5754,90000
5755,90000
5756,90000
5757,90000
5758,90000
5759,90000
5760,90000
5761,90000
5762,90000
5763,90000
5764,90000
5765,90000
5766,90000
5767,90000
5768,90000
5769,90000
5770,90000
5771,90000
5772,90000
5773,90000
5774,90000
5775,90000
5776,90000
5777,90000
5778,90000
5779,90000
5780,90000
5781,90000
5782,90000
5783,90000
5784,90000
5785,90000
5786,90000
5787,90000
5788,90000
5789,90000
5790,90000
5791,90000
5792,90000
5793,90000
5794,90000
5795,90000
5796,90000
5797,90000
5798,90000
5799,90000
5800,90000
5801,90000
5802,90000
5803,90000
5804,90000
5805,90000
5806,90000
5807,90000
5808,90000
5809,90000
5810,90000
5811,90000
5812,90000
5813,90000
5814,90000
5815,90000
5816,90000
5817,90000
5818,90000
5819,90000
5820,90000
5821,90000
5822,90000
5823,90000
5824,90000
5825,90000
5826,90000
5827,90000
5828,90000
5829,90000
5830,90000
5831,90000
5832,90000
5833,90000
5834,90000
5835,90000
5836,90000
5837,90000
5838,90000
5839,90000
5840,90000
5841,90000
5842,90000
5843,90000
5844,90000
5845,90000
5846,90000
5847,90000
5848,90000
5849,90000
5850,90000
5851,90000
5852,90000
5853,90000
5854,90000
5855,90000
5856,90000
5857,90000
5858,90000
5859,90000
5860,90000
5861,90000
5862,90000
5863,90000
5864,90000
5865,90000
5866,90000
5867,90000
5868,90000
5869,90000
5870,90000
5871,90000
5872,90000
5873,90000
5874,90000
5875,90000
5876,90000
5877,90000
5878,90000
5879,90000
5880,90000
5881,90000
5882,90000
5883,90000
5884,90000
5885,90000
5886,90000
5887,90000
5888,90000
5889,90000
5890,90000
5891,90000
5892,90000
5893,90000
5894,90000
5895,90000
5896,90000
5897,90000
5898,90000
5899,90000
5900,90000
5901,90000
5902,90000
5903,90000
5904,90000
5905,90000
5906,90000
5907,90000
5908,90000
5909,90000
5910,90000
5911,90000
5912,90000
5913,90000
5914,90000
5915,90000
5916,90000
5917,90000
5918,90000
5919,90000
5920,90000
5921,90000
5922,90000
5923,90000
5924,90000
5925,90000
5926,90000
5927,90000
5928,90000
5929,90000
5930,90000
5931,90000
5932,90000
5933,90000
5934,90000
5935,90000
5936,90000
5937,90000
5938,90000
5939,90000
5940,90000
5941,90000
5942,90000
5943,90000
5944,90000
5945,90000
5946,90000
5947,90000
5948,90000
5949,90000
5950,90000
5951,90000
5952,90000
5953,90000
5954,90000
5955,90000
5956,90000
5957,90000
5958,90000
5959,90000
5960,90000
5961,90000
5962,90000
5963,90000
5964,90000
5965,90000
5966,90000
5967,90000
5968,90000
5969,90000
5970,90000
5971,90000
5972,90000
5973,90000
5974,90000
5975,90000
5976,90000
5977,90000
5978,90000
5979,90000
5980,90000
5981,90000
5982,90000
5983,90000
5984,90000
5985,90000
5986,90000
5987,90000
5988,90000
5989,90000
5990,90000
5991,90000
5992,90000
5993,90000
5994,90000
5995,90000
5996,90000
5997,90000
5998,90000
5999,90000
6000,90000
6001,90000
6002,90000
6003,90000
6004,90000
6005,90000
6006,90000
6007,90000
6008,90000
6009,90000
6010,90000
6011,90000
6012,90000
6013,90000
6014,90000
6015,90000
6016,90000
6017,90000
6018,90000
6019,90000
6020,90000
6021,90000
6022,90000
6023,90000
6024,90000
6025,90000
6026,90000
6027,90000
6028,90000
6029,90000
6030,90000
6031,90000
6032,90000
6033,90000
6034,90000
6035,90000
6036,90000
6037,90000
6038,90000
6039,90000
6040,90000
6041,90000
6042,90000
6043,90000
6044,90000
6045,90000
6046,90000
6047,90000
6048,90000
6049,90000
6050,90000
6051,90000
6052,90000
6053,90000
6054,90000
6055,90000
6056,90000
6057,90000
6058,90000
6059,90000
6060,90000
6061,90000
6062,90000
6063,90000
6064,90000
6065,90000
6066,90000
6067,90000
6068,90000
6069,90000
6070,90000
6071,90000
6072,90000
6073,90000
6074,90000
6075,90000
6076,90000
6077,90000
6078,90000
6079,90000
6080,90000
6081,90000
6082,90000
6083,90000
6084,90000
6085,90000
6086,90000
6087,90000
6088,90000
6089,90000
6090,90000
6091,90000
6092,90000
6093,90000
6094,90000
6095,90000
6096,90000
6097,90000
6098,90000
6099,90000
6100,90000
6101,90000
6102,90000
6103,90000
6104,90000
6105,90000
6106,90000
6107,90000
6108,90000
6109,90000
6110,90000
6111,90000
6112,90000
6113,90000
6114,90000
6115,90000
6116,90000
6117,90000
6118,90000
6119,90000
6120,90000
6121,90000
6122,90000
6123,90000
6124,90000
6125,90000
6126,90000
6127,90000
6128,90000
6129,90000
6130,90000
6131,90000
6132,90000
6133,90000
6134,90000
6135,90000
6136,90000
6137,90000
6138,90000
6139,90000
6140,90000
6141,90000
6142,90000
6143,90000
6144,90000
6145,90000
6146,90000
6147,90000
6148,90000
6149,90000
6150,90000
6151,90000
6152,90000
6153,90000
6154,90000
6155,90000
6156,90000
6157,90000
6158,90000
6159,90000
6160,90000
6161,90000
6162,90000
6163,90000
6164,90000
6165,90000
6166,90000
6167,90000
6168,90000
6169,90000
6170,90000
6171,90000
6172,90000
6173,90000
6174,90000
6175,90000
6176,90000
6177,90000
6178,90000
6179,90000
6180,90000
6181,90000
6182,90000
6183,90000
6184,90000
6185,90000
6186,90000
6187,90000
6188,90000
6189,90000
6190,90000
6191,90000
6192,90000
6193,90000
6194,90000
6195,90000
6196,90000
6197,90000
6198,90000
6199,90000
6200,90000
6201,90000
6202,90000
6203,90000
6204,90000
6205,90000
6206,90000
6207,90000
6208,90000
6209,90000
6210,90000
6211,90000
6212,90000
6213,90000
6214,90000
6215,90000
6216,90000
6217,90000
6218,90000
6219,90000
6220,90000
6221,90000
6222,90000
6223,90000
6224,90000
6225,90000
6226,90000
6227,90000
6228,90000
6229,90000
6230,90000
6231,90000
6232,90000
6233,90000
6234,90000
6235,90000
6236,90000
6237,90000
6238,90000
6239,90000
6240,90000
6241,90000
6242,90000
6243,90000
6244,90000
6245,90000
6246,90000
6247,90000
6248,90000
6249,90000
6250,90000
6251,90000
6252,90000
6253,90000
6254,90000
6255,90000
6256,90000
6257,90000
6258,90000
6259,90000
6260,90000
6261,90000
6262,90000
6263,90000
6264,90000
6265,90000
6266,90000
6267,90000
6268,90000
6269,90000
6270,90000
6271,90000
6272,90000
6273,90000
6274,90000
6275,90000
6276,90000
6277,90000
6278,90000
6279,90000
6280,90000
6281,90000
6282,90000
6283,90000
6284,90000
6285,90000
6286,90000
6287,90000
6288,90000
6289,90000
6290,90000
6291,90000
6292,90000
6293,90000
6294,90000
6295,90000
6296,90000
6297,90000
6298,90000
6299,90000
6300,90000
6301,90000
6302,90000
6303,90000
6304,90000
6305,90000
6306,90000
6307,90000
6308,90000
6309,90000
6310,90000
6311,90000
6312,90000
6313,90000
6314,90000
6315,90000
6316,90000
6317,90000
6318,90000
6319,90000
6320,90000
6321,90000
6322,90000
6323,90000
6324,90000
6325,90000
6326,90000
6327,90000
6328,90000
6329,90000
6330,90000
6331,90000
6332,90000
6333,90000
6334,90000
6335,90000
6336,90000
6337,90000
6338,90000
6339,90000
6340,90000
6341,90000
6342,90000
6343,90000
6344,90000
6345,90000
6346,90000
6347,90000
6348,90000
6349,90000
6350,90000
6351,90000
6352,90000
6353,90000
6354,90000
6355,90000
6356,90000
6357,90000
6358,90000
6359,90000
6360,90000
6361,90000
6362,90000
6363,90000
6364,90000
6365,90000
6366,90000
6367,90000
6368,90000
6369,90000
6370,90000
6371,90000
6372,90000
6373,90000
6374,90000
6375,90000
6376,90000
6377,90000
6378,90000
6379,90000
6380,90000
6381,90000
6382,90000
6383,90000
6384,90000
6385,90000
6386,90000
6387,90000
6388,90000
6389,90000
6390,90000
6391,90000
6392,90000
6393,90000
6394,90000
6395,90000
6396,90000
6397,90000
6398,90000
6399,90000
6400,90000
6401,90000
6402,90000
6403,90000
6404,90000
6405,90000
6406,90000
6407,90000
6408,90000
6409,90000
6410,90000
6411,90000
6412,90000
6413,90000
6414,90000
6415,90000
6416,90000
6417,90000
6418,90000
6419,90000
6420,90000
6421,90000
6422,90000
6423,90000
6424,90000
6425,90000
6426,90000
6427,90000
6428,90000
6429,90000
6430,90000
6431,90000
6432,90000
6433,90000
6434,90000
6435,90000
6436,90000
6437,90000
6438,90000
6439,90000
6440,90000
6441,90000
6442,90000
6443,90000
6444,90000
6445,90000
6446,90000
6447,90000
6448,90000
6449,90000
6450,90000
6451,90000
6452,90000
6453,90000
6454,90000
6455,90000
6456,90000
6457,90000
6458,90000
6459,90000
6460,90000
6461,90000
6462,90000
6463,90000
6464,90000
6465,90000
6466,90000
6467,90000
6468,90000
6469,90000
6470,90000
6471,90000
6472,90000
6473,90000
6474,90000
6475,90000
6476,90000
6477,90000
6478,90000
6479,90000
6480,90000
6481,90000
6482,90000
6483,90000
6484,90000
6485,90000
6486,90000
6487,90000
6488,90000
6489,90000
6490,90000
6491,90000
6492,90000
6493,90000
6494,90000
6495,90000
6496,90000
6497,90000
6498,90000
6499,90000
6500,90000
6501,90000
6502,90000
6503,90000
6504,90000
6505,90000
6506,90000
6507,90000
6508,90000
6509,90000
6510,90000
6511,90000
6512,90000
6513,90000
6514,90000
6515,90000
6516,90000
6517,90000
6518,90000
6519,90000
6520,90000
6521,90000
6522,90000
6523,90000
6524,90000
6525,90000
6526,90000
6527,90000
6528,90000
6529,90000
6530,90000
6531,90000
6532,90000
6533,90000
6534,90000
6535,90000
6536,90000
6537,90000
6538,90000
6539,90000
6540,90000
6541,90000
6542,90000
6543,90000
6544,90000
6545,90000
6546,90000
6547,90000
6548,90000
6549,90000
6550,90000
6551,90000
6552,90000
6553,90000
6554,90000
6555,90000
6556,90000
6557,90000
6558,90000
6559,90000
6560,90000
6561,90000
6562,90000
6563,90000
6564,90000
6565,90000
6566,90000
6567,90000
6568,90000
6569,90000
6570,90000
6571,90000
6572,90000
6573,90000
6574,90000
6575,90000
6576,90000
6577,90000
6578,90000
6579,90000
6580,90000
6581,90000
6582,90000
6583,90000
6584,90000
6585,90000
6586,90000
6587,90000
6588,90000
6589,90000
6590,90000
6591,90000
6592,90000
6593,90000
6594,90000
6595,90000
6596,90000
6597,90000
6598,90000
6599,90000
6600,90000
6601,90000
6602,90000
6603,90000
6604,90000
6605,90000
6606,90000
6607,90000
6608,90000
6609,90000
6610,90000
6611,90000
6612,90000
6613,90000
6614,90000
6615,90000
6616,90000
6617,90000
6618,90000
6619,90000
6620,90000
6621,90000
6622,90000
6623,90000
6624,90000
6625,90000
6626,90000
6627,90000
6628,90000
6629,90000
6630,90000
6631,90000
6632,90000
6633,90000
6634,90000
6635,90000
6636,90000
6637,90000
6638,90000
6639,90000
6640,90000
6641,90000
6642,90000
6643,90000
6644,90000
6645,90000
6646,90000
6647,90000
6648,90000
6649,90000
6650,90000
6651,90000
6652,90000
6653,90000
6654,90000
6655,90000
6656,90000
6657,90000
6658,90000
6659,90000
6660,90000
6661,90000
6662,90000
6663,90000
6664,90000
6665,90000
6666,90000
6667,90000
6668,90000
6669,90000
6670,90000
6671,90000
6672,90000
6673,90000
6674,90000
6675,90000
6676,90000
6677,90000
6678,90000
6679,90000
6680,90000
6681,90000
6682,90000
6683,90000
6684,90000
6685,90000
6686,90000
6687,90000
6688,90000
6689,90000
6690,90000
6691,90000
6692,90000
6693,90000
6694,90000
6695,90000
6696,90000
6697,90000
6698,90000
6699,90000
6700,90000
6701,90000
6702,90000
6703,90000
6704,90000
6705,90000
6706,90000
6707,90000
6708,90000
6709,90000
6710,90000
6711,90000
6712,90000
6713,90000
6714,90000
6715,90000
6716,90000
6717,90000
6718,90000
6719,90000
6720,90000
6721,90000
6722,90000
6723,90000
6724,90000
6725,90000
6726,90000
6727,90000
6728,90000
6729,90000
6730,90000
6731,90000
6732,90000
6733,90000
6734,90000
6735,90000
6736,90000
6737,90000
6738,90000
6739,90000
6740,90000
6741,90000
6742,90000
6743,90000
6744,90000
6745,90000
6746,90000
6747,90000
6748,90000
6749,90000
6750,90000
6751,90000
6752,90000
6753,90000
6754,90000
6755,90000
6756,90000
6757,90000
6758,90000
6759,90000
6760,90000
6761,90000
6762,90000
6763,90000
6764,90000
6765,90000
6766,90000
6767,90000
6768,90000
6769,90000
6770,90000
6771,90000
6772,90000
6773,90000
6774,90000
6775,90000
6776,90000
6777,90000
6778,90000
6779,90000
6780,90000
6781,90000
6782,90000
6783,90000
6784,90000
6785,90000
6786,90000
6787,90000
6788,90000
6789,90000
6790,90000
6791,90000
6792,90000
6793,90000
6794,90000
6795,90000
6796,90000
6797,90000
6798,90000
6799,90000
6800,90000
6801,90000
6802,90000
6803,90000
6804,90000
6805,90000
6806,90000
6807,90000
6808,90000
6809,90000
6810,90000
6811,90000
6812,90000
6813,90000
6814,90000
6815,90000
6816,90000
6817,90000
6818,90000
6819,90000
6820,90000
6821,90000
6822,90000
6823,90000
6824,90000
6825,90000
6826,90000
6827,90000
6828,90000
6829,90000
6830,90000
6831,90000
6832,90000
6833,90000
6834,90000
6835,90000
6836,90000
6837,90000
6838,90000
6839,90000
6840,90000
6841,90000
6842,90000
6843,90000
6844,90000
6845,90000
6846,90000
6847,90000
6848,90000
6849,90000
6850,90000
6851,90000
6852,90000
6853,90000
6854,90000
6855,90000
6856,90000
6857,90000
6858,90000
6859,90000
6860,90000
6861,90000
6862,90000
6863,90000
6864,90000
6865,90000
6866,90000
6867,90000
6868,90000
6869,90000
6870,90000
6871,90000
6872,90000
6873,90000
6874,90000
6875,90000
6876,90000
6877,90000
6878,90000
6879,90000
6880,90000
6881,90000
6882,90000
6883,90000
6884,90000
6885,90000
6886,90000
6887,90000
6888,90000
6889,90000
6890,90000
6891,90000
6892,90000
6893,90000
6894,90000
6895,90000
6896,90000
6897,90000
6898,90000
6899,90000
6900,90000
6901,90000
6902,90000
6903,90000
6904,90000
6905,90000
6906,90000
6907,90000
6908,90000
6909,90000
6910,90000
6911,90000
6912,90000
6913,90000
6914,90000
6915,90000
6916,90000
6917,90000
6918,90000
6919,90000
6920,90000
6921,90000
6922,90000
6923,90000
6924,90000
6925,90000
6926,90000
6927,90000
6928,90000
6929,90000
6930,90000
6931,90000
6932,90000
6933,90000
6934,90000
6935,90000
6936,90000
6937,90000
6938,90000
6939,90000
6940,90000
6941,90000
6942,90000
6943,90000
6944,90000
6945,90000
6946,90000
6947,90000
6948,90000
6949,90000
6950,90000
6951,90000
6952,90000
6953,90000
6954,90000
6955,90000
6956,90000
6957,90000
6958,90000
6959,90000
6960,90000
6961,90000
6962,90000
6963,90000
6964,90000
6965,90000
6966,90000
6967,90000
6968,90000
6969,90000
6970,90000
6971,90000
6972,90000
6973,90000
6974,90000
6975,90000
6976,90000
6977,90000
6978,90000
6979,90000
6980,90000
6981,90000
6982,90000
6983,90000
6984,90000
6985,90000
6986,90000
6987,90000
6988,90000
6989,90000
6990,90000
6991,90000
6992,90000
6993,90000
6994,90000
6995,90000
6996,90000
6997,90000
6998,90000
6999,90000
7000,90000
7001,90000
7002,90000
7003,90000
7004,90000
7005,90000
7006,90000
7007,90000
7008,90000
7009,90000
7010,90000
7011,90000
7012,90000
7013,90000
7014,90000
7015,90000
7016,90000
7017,90000
7018,90000
7019,90000
7020,90000
7021,90000
7022,90000
7023,90000
7024,90000
7025,90000
7026,90000
7027,90000
7028,90000
7029,90000
7030,90000
7031,90000
7032,90000
7033,90000
7034,90000
7035,90000
7036,90000
7037,90000
7038,90000
7039,90000
7040,90000
7041,90000
7042,90000
7043,90000
7044,90000
7045,90000
7046,90000
7047,90000
7048,90000
7049,90000
7050,90000
7051,90000
7052,90000
7053,90000
7054,90000
7055,90000
7056,90000
7057,90000
7058,90000
7059,90000
7060,90000
7061,90000
7062,90000
7063,90000
7064,90000
7065,90000
7066,90000
7067,90000
7068,90000
7069,90000
7070,90000
7071,90000
7072,90000
7073,90000
7074,90000
7075,90000
7076,90000
7077,90000
7078,90000
7079,90000
7080,90000
7081,90000
7082,90000
7083,90000
7084,90000
7085,90000
7086,90000
7087,90000
7088,90000
7089,90000
7090,90000
7091,90000
7092,90000
7093,90000
7094,90000
7095,90000
7096,90000
7097,90000
7098,90000
7099,90000
7100,90000
7101,90000
7102,90000
7103,90000
7104,90000
7105,90000
7106,90000
7107,90000
7108,90000
7109,90000
7110,90000
7111,90000
7112,90000
7113,90000
7114,90000
7115,90000
7116,90000
7117,90000
7118,90000
7119,90000
7120,90000
7121,90000
7122,90000
7123,90000
7124,90000
7125,90000
7126,90000
7127,90000
7128,90000
7129,90000
7130,90000
7131,90000
7132,90000
7133,90000
7134,90000
7135,90000
7136,90000
7137,90000
7138,90000
7139,90000
7140,90000
7141,90000
7142,90000
7143,90000
7144,90000
7145,90000
7146,90000
7147,90000
7148,90000
7149,90000
7150,90000
7151,90000
7152,90000
7153,90000
7154,90000
7155,90000
7156,90000
7157,90000
7158,90000
7159,90000
7160,90000
7161,90000
7162,90000
7163,90000
7164,90000
7165,90000
7166,90000
7167,90000
7168,90000
7169,90000
7170,90000
7171,90000
7172,90000
7173,90000
7174,90000
7175,90000
7176,90000
7177,90000
7178,90000
7179,90000
7180,90000
7181,90000
7182,90000
7183,90000
7184,90000
7185,90000
7186,90000
7187,90000
7188,90000
7189,90000
7190,90000
7191,90000
7192,90000
7193,90000
7194,90000
7195,90000
7196,90000
7197,90000
7198,90000
7199,90000
7200,90000
7201,90000
7202,90000
7203,90000
7204,90000
7205,90000
7206,90000
7207,90000
7208,90000
7209,90000
7210,90000
7211,90000
7212,90000
7213,90000
7214,90000
7215,90000
7216,90000
7217,90000
7218,90000
7219,90000
7220,90000
7221,90000
7222,90000
7223,90000
7224,90000
7225,90000
7226,90000
7227,90000
7228,90000
7229,90000
7230,90000
7231,90000
7232,90000
7233,90000
7234,90000
7235,90000
7236,90000
7237,90000
7238,90000
7239,90000
7240,90000
7241,90000
7242,90000
7243,90000
7244,90000
7245,90000
7246,90000
7247,90000
7248,90000
7249,90000
7250,90000
7251,90000
7252,90000
7253,90000
7254,90000
7255,90000
7256,90000
7257,90000
7258,90000
7259,90000
7260,90000
7261,90000
7262,90000
7263,90000
7264,90000
7265,90000
7266,90000
7267,90000
7268,90000
7269,90000
7270,90000
7271,90000
7272,90000
7273,90000
7274,90000
7275,90000
7276,90000
7277,90000
7278,90000
7279,90000
7280,90000
7281,90000
7282,90000
7283,90000
7284,90000
7285,90000
7286,90000
7287,90000
7288,90000
7289,90000
7290,90000
7291,90000
7292,90000
7293,90000
7294,90000
7295,90000
7296,90000
7297,90000
7298,90000
7299,90000
7300,90000
7301,90000
7302,90000
7303,90000
7304,90000
7305,90000
7306,90000
7307,90000
7308,90000
7309,90000
7310,90000
7311,90000
7312,90000
7313,90000
7314,90000
7315,90000
7316,90000
7317,90000
7318,90000
7319,90000
7320,90000
7321,90000
7322,90000
7323,90000
7324,90000
7325,90000
7326,90000
7327,90000
7328,90000
7329,90000
7330,90000
7331,90000
7332,90000
7333,90000
7334,90000
7335,90000
7336,90000
7337,90000
7338,90000
7339,90000
7340,90000
7341,90000
7342,90000
7343,90000
7344,90000
7345,90000
7346,90000
7347,90000
7348,90000
7349,90000
7350,90000
7351,90000
7352,90000
7353,90000
7354,90000
7355,90000
7356,90000
7357,90000
7358,90000
7359,90000
7360,90000
7361,90000
7362,90000
7363,90000
7364,90000
7365,90000
7366,90000
7367,90000
7368,90000
7369,90000
7370,90000
7371,90000
7372,90000
7373,90000
7374,90000
7375,90000
7376,90000
7377,90000
7378,90000
7379,90000
7380,90000
7381,90000
7382,90000
7383,90000
7384,90000
7385,90000
7386,90000
7387,90000
7388,90000
7389,90000
7390,90000
7391,90000
7392,90000
7393,90000
7394,90000
7395,90000
7396,90000
7397,90000
7398,90000
7399,90000
7400,90000
7401,90000
7402,90000
7403,90000
7404,90000
7405,90000
7406,90000
7407,90000
7408,90000
7409,90000
7410,90000
7411,90000
7412,90000
7413,90000
7414,90000
7415,90000
7416,90000
7417,90000
7418,90000
7419,90000
7420,90000
7421,90000
7422,90000
7423,90000
7424,90000
7425,90000
7426,90000
7427,90000
7428,90000
7429,90000
7430,90000
7431,90000
7432,90000
7433,90000
7434,90000
7435,90000
7436,90000
7437,90000
7438,90000
7439,90000
7440,90000
7441,90000
7442,90000
7443,90000
7444,90000
7445,90000
7446,90000
7447,90000
7448,90000
7449,90000
7450,90000
7451,90000
7452,90000
7453,90000
7454,90000
7455,90000
7456,90000
7457,90000
7458,90000
7459,90000
7460,90000
7461,90000
7462,90000
7463,90000
7464,90000
7465,90000
7466,90000
7467,90000
7468,90000
7469,90000
7470,90000
7471,90000
7472,90000
7473,90000
7474,90000
7475,90000
7476,90000
7477,90000
7478,90000
7479,90000
7480,90000
7481,90000
7482,90000
7483,90000
7484,90000
7485,90000
7486,90000
7487,90000
7488,90000
7489,90000
7490,90000
7491,90000
7492,90000
7493,90000
7494,90000
7495,90000
7496,90000
7497,90000
7498,90000
7499,90000
7500,90000
7501,90000
7502,90000
7503,90000
7504,90000
7505,90000
7506,90000
7507,90000
7508,90000
7509,90000
7510,90000
7511,90000
7512,90000
7513,90000
7514,90000
7515,90000
7516,90000
7517,90000
7518,90000
7519,90000
7520,90000
7521,90000
7522,90000
7523,90000
7524,90000
7525,90000
7526,90000
7527,90000
7528,90000
7529,90000
7530,90000
7531,90000
7532,90000
7533,90000
7534,90000
7535,90000
7536,90000
7537,90000
7538,90000
7539,90000
7540,90000
7541,90000
7542,90000
7543,90000
7544,90000
7545,90000
7546,90000
7547,90000
7548,90000
7549,90000
7550,90000
7551,90000
7552,90000
7553,90000
7554,90000
7555,90000
7556,90000
7557,90000
7558,90000
7559,90000
7560,90000
7561,90000
7562,90000
7563,90000
7564,90000
7565,90000
7566,90000
7567,90000
7568,90000
7569,90000
7570,90000
7571,90000
7572,90000
7573,90000
7574,90000
7575,90000
7576,90000
7577,90000
7578,90000
7579,90000
7580,90000
7581,90000
7582,90000
7583,90000
7584,90000
7585,90000
7586,90000
7587,90000
7588,90000
7589,90000
7590,90000
7591,90000
7592,90000
7593,90000
7594,90000
7595,90000
7596,90000
7597,90000
7598,90000
7599,90000
7600,90000
7601,90000
7602,90000
7603,90000
7604,90000
7605,90000
7606,90000
7607,90000
7608,90000
7609,90000
7610,90000
7611,90000
7612,90000
7613,90000
7614,90000
7615,90000
7616,90000
7617,90000
7618,90000
7619,90000
7620,90000
7621,90000
7622,90000
7623,90000
7624,90000
7625,90000
7626,90000
7627,90000
7628,90000
7629,90000
7630,90000
7631,90000
7632,90000
7633,90000
7634,90000
7635,90000
7636,90000
7637,90000
7638,90000
7639,90000
7640,90000
7641,90000
7642,90000
7643,90000
7644,90000
7645,90000
7646,90000
7647,90000
7648,90000
7649,90000
7650,90000
7651,90000
7652,90000
7653,90000
7654,90000
7655,90000
7656,90000
7657,90000
7658,90000
7659,90000
7660,90000
7661,90000
7662,90000
7663,90000
7664,90000
7665,90000
7666,90000
7667,90000
7668,90000
7669,90000
7670,90000
7671,90000
7672,90000
7673,90000
7674,90000
7675,90000
7676,90000
7677,90000
7678,90000
7679,90000
7680,90000
7681,90000
7682,90000
7683,90000
7684,90000
7685,90000
7686,90000
7687,90000
7688,90000
7689,90000
7690,90000
7691,90000
7692,90000
7693,90000
7694,90000
7695,90000
7696,90000
7697,90000
7698,90000
7699,90000
7700,90000
7701,90000
7702,90000
7703,90000
7704,90000
7705,90000
7706,90000
7707,90000
7708,90000
7709,90000
7710,90000
7711,90000
7712,90000
7713,90000
7714,90000
7715,90000
7716,90000
7717,90000
7718,90000
7719,90000
7720,90000
7721,90000
7722,90000
7723,90000
7724,90000
7725,90000
7726,90000
7727,90000
7728,90000
7729,90000
7730,90000
7731,90000
7732,90000
7733,90000
7734,90000
7735,90000
7736,90000
7737,90000
7738,90000
7739,90000
7740,90000
7741,90000
7742,90000
7743,90000
7744,90000
7745,90000
7746,90000
7747,90000
7748,90000
7749,90000
7750,90000
7751,90000
7752,90000
7753,90000
7754,90000
7755,90000
7756,90000
7757,90000
7758,90000
7759,90000
7760,90000
7761,90000
7762,90000
7763,90000
7764,90000
7765,90000
7766,90000
7767,90000
7768,90000
7769,90000
7770,90000
7771,90000
7772,90000
7773,90000
7774,90000
7775,90000
7776,90000
7777,90000
7778,90000
7779,90000
7780,90000
7781,90000
7782,90000
7783,90000
7784,90000
7785,90000
7786,90000
7787,90000
7788,90000
7789,90000
7790,90000
7791,90000
7792,90000
7793,90000
7794,90000
7795,90000
7796,90000
7797,90000
7798,90000
7799,90000
7800,90000
7801,90000
7802,90000
7803,90000
7804,90000
7805,90000
7806,90000
7807,90000
7808,90000
7809,90000
7810,90000
7811,90000
7812,90000
7813,90000
7814,90000
7815,90000
7816,90000
7817,90000
7818,90000
7819,90000
7820,90000
7821,90000
7822,90000
7823,90000
7824,90000
7825,90000
7826,90000
7827,90000
7828,90000
7829,90000
7830,90000
7831,90000
7832,90000
7833,90000
7834,90000
7835,90000
7836,90000
7837,90000
7838,90000
7839,90000
7840,90000
7841,90000
7842,90000
7843,90000
7844,90000
7845,90000
7846,90000
7847,90000
7848,90000
7849,90000
7850,90000
7851,90000
7852,90000
7853,90000
7854,90000
7855,90000
7856,90000
7857,90000
7858,90000
7859,90000
7860,90000
7861,90000
7862,90000
7863,90000
7864,90000
7865,90000
7866,90000
7867,90000
7868,90000
7869,90000
7870,90000
7871,90000
7872,90000
7873,90000
7874,90000
7875,90000
7876,90000
7877,90000
7878,90000
7879,90000
7880,90000
7881,90000
7882,90000
7883,90000
7884,90000
7885,90000
7886,90000
7887,90000
7888,90000
7889,90000
7890,90000
7891,90000
7892,90000
7893,90000
7894,90000
7895,90000
7896,90000
7897,90000
7898,90000
7899,90000
7900,90000
7901,90000
7902,90000
7903,90000
7904,90000
7905,90000
7906,90000
7907,90000
7908,90000
7909,90000
7910,90000
7911,90000
7912,90000
7913,90000
7914,90000
7915,90000
7916,90000
7917,90000
7918,90000
7919,90000
7920,90000
7921,90000
7922,90000
7923,90000
7924,90000
7925,90000
7926,90000
7927,90000
7928,90000
7929,90000
7930,90000
7931,90000
7932,90000
7933,90000
7934,90000
7935,90000
7936,90000
7937,90000
7938,90000
7939,90000
7940,90000
7941,90000
7942,90000
7943,90000
7944,90000
7945,90000
7946,90000
7947,90000
7948,90000
7949,90000
7950,90000
7951,90000
7952,90000
7953,90000
7954,90000
7955,90000
7956,90000
7957,90000
7958,90000
7959,90000
7960,90000
7961,90000
7962,90000
7963,90000
7964,90000
7965,90000
7966,90000
7967,90000
7968,90000
7969,90000
7970,90000
7971,90000
7972,90000
7973,90000
7974,90000
7975,90000
7976,90000
7977,90000
7978,90000
7979,90000
7980,90000
7981,90000
7982,90000
7983,90000
7984,90000
7985,90000
7986,90000
7987,90000
7988,90000
7989,90000
7990,90000
7991,90000
7992,90000
7993,90000
7994,90000
7995,90000
7996,90000
7997,90000
7998,90000
7999,90000
8000,90000
8001,90000
8002,90000
8003,90000
8004,90000
8005,90000
8006,90000
8007,90000
8008,90000
8009,90000
8010,90000
8011,90000
8012,90000
8013,90000
8014,90000
8015,90000
8016,90000
8017,90000
8018,90000
8019,90000
8020,90000
8021,90000
8022,90000
8023,90000
8024,90000
8025,90000
8026,90000
8027,90000
8028,90000
8029,90000
8030,90000
8031,90000
8032,90000
8033,90000
8034,90000
8035,90000
8036,90000
8037,90000
8038,90000
8039,90000
8040,90000
8041,90000
8042,90000
8043,90000
8044,90000
8045,90000
8046,90000
8047,90000
8048,90000
8049,90000
8050,90000
8051,90000
8052,90000
8053,90000
8054,90000
8055,90000
8056,90000
8057,90000
8058,90000
8059,90000
8060,90000
8061,90000
8062,90000
8063,90000
8064,90000
8065,90000
8066,90000
8067,90000
8068,90000
8069,90000
8070,90000
8071,90000
8072,90000
8073,90000
8074,90000
8075,90000
8076,90000
8077,90000
8078,90000
8079,90000
8080,90000
8081,90000
8082,90000
8083,90000
8084,90000
8085,90000
8086,90000
8087,90000
8088,90000
8089,90000
8090,90000
8091,90000
8092,90000
8093,90000
8094,90000
8095,90000
8096,90000
8097,90000
8098,90000
8099,90000
8100,90000
8101,90000
8102,90000
8103,90000
8104,90000
8105,90000
8106,90000
8107,90000
8108,90000
8109,90000
8110,90000
8111,90000
8112,90000
8113,90000
8114,90000
8115,90000
8116,90000
8117,90000
8118,90000
8119,90000
8120,90000
8121,90000
8122,90000
8123,90000
8124,90000
8125,90000
8126,90000
8127,90000
8128,90000
8129,90000
8130,90000
8131,90000
8132,90000
8133,90000
8134,90000
8135,90000
8136,90000
8137,90000
8138,90000
8139,90000
8140,90000
8141,90000
8142,90000
8143,90000
8144,90000
8145,90000
8146,90000
8147,90000
8148,90000
8149,90000
8150,90000
8151,90000
8152,90000
8153,90000
8154,90000
8155,90000
8156,90000
8157,90000
8158,90000
8159,90000
8160,90000
8161,90000
8162,90000
8163,90000
8164,90000
8165,90000
8166,90000
8167,90000
8168,90000
8169,90000
8170,90000
8171,90000
8172,90000
8173,90000
8174,90000
8175,90000
8176,90000
8177,90000
8178,90000
8179,90000
8180,90000
8181,90000
8182,90000
8183,90000
8184,90000
8185,90000
8186,90000
8187,90000
8188,90000
8189,90000
8190,90000
8191,90000
8192,90000
8193,90000
8194,90000
8195,90000
8196,90000
8197,90000
8198,90000
8199,90000
8200,90000
8201,90000
8202,90000
8203,90000
8204,90000
8205,90000
8206,90000
8207,90000
8208,90000
8209,90000
8210,90000
8211,90000
8212,90000
8213,90000
8214,90000
8215,90000
8216,90000
8217,90000
8218,90000
8219,90000
8220,90000
8221,90000
8222,90000
8223,90000
8224,90000
8225,90000
8226,90000
8227,90000
8228,90000
8229,90000
8230,90000
8231,90000
8232,90000
8233,90000
8234,90000
8235,90000
8236,90000
8237,90000
8238,90000
8239,90000
8240,90000
8241,90000
8242,90000
8243,90000
8244,90000
8245,90000
8246,90000
8247,90000
8248,90000
8249,90000
8250,90000
8251,90000
8252,90000
8253,90000
8254,90000
8255,90000
8256,90000
8257,90000
8258,90000
8259,90000
8260,90000
8261,90000
8262,90000
8263,90000
8264,90000
8265,90000
8266,90000
8267,90000
8268,90000
8269,90000
8270,90000
8271,90000
8272,90000
8273,90000
8274,90000
8275,90000
8276,90000
8277,90000
8278,90000
8279,90000
8280,90000
8281,90000
8282,90000
8283,90000
8284,90000
8285,90000
8286,90000
8287,90000
8288,90000
8289,90000
8290,90000
8291,90000
8292,90000
8293,90000
8294,90000
8295,90000
8296,90000
8297,90000
8298,90000
8299,90000
8300,90000
8301,90000
8302,90000
8303,90000
8304,90000
8305,90000
8306,90000
8307,90000
8308,90000
8309,90000
8310,90000
8311,90000
8312,90000
8313,90000
8314,90000
8315,90000
8316,90000
8317,90000
8318,90000
8319,90000
8320,90000
8321,90000
8322,90000
8323,90000
8324,90000
8325,90000
8326,90000
8327,90000
8328,90000
8329,90000
8330,90000
8331,90000
8332,90000
8333,90000
8334,90000
8335,90000
8336,90000
8337,90000
8338,90000
8339,90000
8340,90000
8341,90000
8342,90000
8343,90000
8344,90000
8345,90000
8346,90000
8347,90000
8348,90000
8349,90000
8350,90000
8351,90000
8352,90000
8353,90000
8354,90000
8355,90000
8356,90000
8357,90000
8358,90000
8359,90000
8360,90000
8361,90000
8362,90000
8363,90000
8364,90000
8365,90000
8366,90000
8367,90000
8368,90000
8369,90000
8370,90000
8371,90000
8372,90000
8373,90000
8374,90000
8375,90000
8376,90000
8377,90000
8378,90000
8379,90000
8380,90000
8381,90000
8382,90000
8383,90000
8384,90000
8385,90000
8386,90000
8387,90000
8388,90000
8389,90000
8390,90000
8391,90000
8392,90000
8393,90000
8394,90000
8395,90000
8396,90000
8397,90000
8398,90000
8399,90000
8400,90000
8401,90000
8402,90000
8403,90000
8404,90000
8405,90000
8406,90000
8407,90000
8408,90000
8409,90000
8410,90000
8411,90000
8412,90000
8413,90000
8414,90000
8415,90000
8416,90000
8417,90000
8418,90000
8419,90000
8420,90000
8421,90000
8422,90000
8423,90000
8424,90000
8425,90000
8426,90000
8427,90000
8428,90000
8429,90000
8430,90000
8431,90000
8432,90000
8433,90000
8434,90000
8435,90000
8436,90000
8437,90000
8438,90000
8439,90000
8440,90000
8441,90000
8442,90000
8443,90000
8444,90000
8445,90000
8446,90000
8447,90000
8448,90000
8449,90000
8450,90000
8451,90000
8452,90000
8453,90000
8454,90000
8455,90000
8456,90000
8457,90000
8458,90000
8459,90000
8460,90000
8461,90000
8462,90000
8463,90000
8464,90000
8465,90000
8466,90000
8467,90000
8468,90000
8469,90000
8470,90000
8471,90000
8472,90000
8473,90000
8474,90000
8475,90000
8476,90000
8477,90000
8478,90000
8479,90000
8480,90000
8481,90000
8482,90000
8483,90000
8484,90000
8485,90000
8486,90000
8487,90000
8488,90000
8489,90000
8490,90000
8491,90000
8492,90000
8493,90000
8494,90000
8495,90000
8496,90000
8497,90000
8498,90000
8499,90000
8500,90000
8501,90000
8502,90000
8503,90000
8504,90000
8505,90000
8506,90000
8507,90000
8508,90000
8509,90000
8510,90000
8511,90000
8512,90000
8513,90000
8514,90000
8515,90000
8516,90000
8517,90000
8518,90000
8519,90000
8520,90000
8521,90000
8522,90000
8523,90000
8524,90000
8525,90000
8526,90000
8527,90000
8528,90000
8529,90000
8530,90000
8531,90000
8532,90000
8533,90000
8534,90000
8535,90000
8536,90000
8537,90000
8538,90000
8539,90000
8540,90000
8541,90000
8542,90000
8543,90000
8544,90000
8545,90000
8546,90000
8547,90000
8548,90000
8549,90000
8550,90000
8551,90000
8552,90000
8553,90000
8554,90000
8555,90000
8556,90000
8557,90000
8558,90000
8559,90000
8560,90000
8561,90000
8562,90000
8563,90000
8564,90000
8565,90000
8566,90000
8567,90000
8568,90000
8569,90000
8570,90000
8571,90000
8572,90000
8573,90000
8574,90000
8575,90000
8576,90000
8577,90000
8578,90000
8579,90000
8580,90000
8581,90000
8582,90000
8583,90000
8584,90000
8585,90000
8586,90000
8587,90000
8588,90000
8589,90000
8590,90000
8591,90000
8592,90000
8593,90000
8594,90000
8595,90000
8596,90000
8597,90000
8598,90000
8599,90000
8600,90000
8601,90000
8602,90000
8603,90000
8604,90000
8605,90000
8606,90000
8607,90000
8608,90000
8609,90000
8610,90000
8611,90000
8612,90000
8613,90000
8614,90000
8615,90000
8616,90000
8617,90000
8618,90000
8619,90000
8620,90000
8621,90000
8622,90000
8623,90000
8624,90000
8625,90000
8626,90000
8627,90000
8628,90000
8629,90000
8630,90000
8631,90000
8632,90000
8633,90000
8634,90000
8635,90000
8636,90000
8637,90000
8638,90000
8639,90000
8640,90000
8641,90000
8642,90000
8643,90000
8644,90000
8645,90000
8646,90000
8647,90000
8648,90000
8649,90000
8650,90000
8651,90000
8652,90000
8653,90000
8654,90000
8655,90000
8656,90000
8657,90000
8658,90000
8659,90000
8660,90000
8661,90000
8662,90000
8663,90000
8664,90000
8665,90000
8666,90000
8667,90000
8668,90000
8669,90000
8670,90000
8671,90000
8672,90000
8673,90000
8674,90000
8675,90000
8676,90000
8677,90000
8678,90000
8679,90000
8680,90000
8681,90000
8682,90000
8683,90000
8684,90000
8685,90000
8686,90000
8687,90000
8688,90000
8689,90000
8690,90000
8691,90000
8692,90000
8693,90000
8694,90000
8695,90000
8696,90000
8697,90000
8698,90000
8699,90000
8700,90000
8701,90000
8702,90000
8703,90000
8704,90000
8705,90000
8706,90000
8707,90000
8708,90000
8709,90000
8710,90000
8711,90000
8712,90000
8713,90000
8714,90000
8715,90000
8716,90000
8717,90000
8718,90000
8719,90000
8720,90000
8721,90000
8722,90000
8723,90000
8724,90000
8725,90000
8726,90000
8727,90000
8728,90000
8729,90000
8730,90000
8731,90000
8732,90000
8733,90000
8734,90000
8735,90000
8736,90000
8737,90000
8738,90000
8739,90000
8740,90000
8741,90000
8742,90000
8743,90000
8744,90000
8745,90000
8746,90000
8747,90000
8748,90000
8749,90000
8750,90000
8751,90000
8752,90000
8753,90000
8754,90000
8755,90000
8756,90000
8757,90000
8758,90000
8759,90000
